,player,team,mp,fg,fga,fg_pct,fg3,fg3a,fg3_pct,ft,fta,ft_pct,orb,drb,trb,ast,stl,blk,tov,pf,pts,game_score,plus_minus,date
0,Brandon Ingram,LAL,44:01,12,21,.571,2,2,1.000,6,7,.857,0,5,5,3,3,2,7,5,32,20.7,-8,2017-11-29
1,Lonzo Ball,LAL,43:20,5,12,.417,3,7,.429,2,2,1.000,1,1,2,10,1,0,2,2,15,14.8,-8,2017-11-29
2,Kentavious Caldwell-Pope,LAL,41:32,7,18,.389,2,8,.250,5,6,.833,2,5,7,0,1,0,2,3,21,11.5,+1,2017-11-29
3,Larry Nance Jr.,LAL,22:27,0,2,.000,0,0,,0,0,,0,4,4,5,4,1,0,0,0,8.0,-11,2017-11-29
4,Brook Lopez,LAL,16:52,2,5,.400,0,2,.000,2,3,.667,0,1,1,1,1,1,2,1,6,3.2,-15,2017-11-29
5,Jordan Clarkson,LAL,35:31,9,19,.474,2,4,.500,1,1,1.000,3,3,6,8,0,0,1,3,21,17.7,+8,2017-11-29
6,Julius Randle,LAL,31:10,9,13,.692,0,0,,2,4,.500,1,3,4,2,0,1,1,4,20,14.8,+11,2017-11-29
7,Josh Hart,LAL,12:43,2,3,.667,0,0,,2,2,1.000,0,3,3,0,0,0,1,2,6,3.8,-4,2017-11-29
8,Corey Brewer,LAL,12:04,0,1,.000,0,1,.000,0,0,,0,0,0,0,2,0,1,3,0,-0.9,+4,2017-11-29
9,Andrew Bogut,LAL,5:21,1,1,1.000,0,0,,0,0,,0,2,2,1,0,0,0,0,2,3.0,+2,2017-11-29
10,Kevin Durant,GSW,42:19,12,25,.480,3,7,.429,2,4,.500,0,7,7,5,1,1,6,4,29,15.2,+8,2017-11-29
11,Stephen Curry,GSW,39:24,9,20,.450,3,9,.333,7,8,.875,0,5,5,7,0,0,5,4,28,17.0,+4,2017-11-29
12,Klay Thompson,GSW,38:42,6,12,.500,4,8,.500,4,4,1.000,0,3,3,2,1,0,0,1,20,16.9,+4,2017-11-29
13,Draymond Green,GSW,38:20,5,10,.500,1,3,.333,4,6,.667,4,7,11,9,4,0,4,2,15,19.6,-2,2017-11-29
14,Zaza Pachulia,GSW,14:11,5,5,1.000,0,0,,1,1,1.000,2,4,6,2,1,0,1,2,11,12.7,+11,2017-11-29
15,Andre Iguodala,GSW,34:49,1,4,.250,0,1,.000,0,0,,2,4,6,3,0,1,0,2,2,4.2,-5,2017-11-29
16,Nick Young,GSW,13:53,3,5,.600,1,2,.500,2,3,.667,1,1,2,0,0,0,1,0,9,6.3,+4,2017-11-29
17,Kevon Looney,GSW,12:54,1,6,.167,0,0,,0,0,,2,2,4,0,0,1,0,0,2,0.9,-3,2017-11-29
18,Jordan Bell,GSW,12:23,3,4,.750,0,0,,0,0,,1,3,4,0,2,1,3,1,6,5.3,+5,2017-11-29
19,Shaun Livingston,GSW,9:40,2,2,1.000,0,0,,1,2,.500,0,1,1,0,1,0,2,2,5,2.5,-4,2017-11-29
20,Patrick McCaw,GSW,8:25,0,1,.000,0,0,,0,0,,0,0,0,2,0,0,0,1,0,0.3,-2,2017-11-29
0,Jimmy Butler,MIA,46:40,5,21,.238,2,4,.500,12,14,.857,7,4,11,8,1,0,2,3,24,20.0,0,2023-05-27
1,Bam Adebayo,MIA,45:39,4,16,.250,0,0,,3,4,.750,7,6,13,5,1,1,0,0,11,12.9,+6,2023-05-27
2,Gabe Vincent,MIA,41:17,6,18,.333,3,6,.500,0,0,,1,3,4,0,0,1,1,5,15,4.1,-2,2023-05-27
3,Caleb Martin,MIA,40:33,7,13,.538,4,8,.500,3,4,.750,1,14,15,1,1,1,1,5,21,18.6,+1,2023-05-27
4,Max Strus,MIA,25:17,3,8,.375,2,5,.400,2,3,.667,0,1,1,3,0,0,0,2,10,6.8,-12,2023-05-27
5,Duncan Robinson,MIA,20:08,5,11,.455,3,6,.500,0,0,,0,1,1,2,0,0,0,5,13,7.0,+8,2023-05-27
6,Kyle Lowry,MIA,18:05,3,6,.500,0,1,.000,2,2,1.000,1,1,2,3,2,1,1,3,8,8.6,+1,2023-05-27
7,Cody Zeller,MIA,2:21,0,0,,0,0,,1,2,.500,0,0,0,0,0,0,0,1,1,0.2,-7,2023-05-27
8,Jayson Tatum,BOS,43:56,8,22,.364,0,8,.000,15,15,1.000,3,9,12,5,1,2,3,2,31,25.7,+3,2023-05-27
9,Marcus Smart,BOS,42:15,7,15,.467,4,11,.364,3,4,.750,1,3,4,1,0,0,4,4,21,9.6,-10,2023-05-27
10,Derrick White,BOS,42:03,4,10,.400,3,7,.429,0,0,,1,3,4,6,1,3,0,1,11,14.1,+3,2023-05-27
11,Jaylen Brown,BOS,38:58,9,16,.563,0,4,.000,8,10,.800,5,5,10,3,2,0,4,4,26,21.1,+7,2023-05-27
12,Al Horford,BOS,31:53,2,6,.333,0,2,.000,0,0,,1,6,7,2,0,2,1,5,4,2.9,-6,2023-05-27
13,Grant Williams,BOS,22:04,0,4,.000,0,3,.000,1,2,.500,0,3,3,1,0,0,0,3,1,-1.8,+2,2023-05-27
14,Robert Williams,BOS,17:01,4,5,.800,0,0,,2,3,.667,1,6,7,0,0,1,0,3,10,9.7,+5,2023-05-27
15,Sam Hauser,BOS,1:50,0,0,,0,0,,0,0,,0,0,0,0,0,0,0,0,0,0.0,+1,2023-05-27
0,Kendrick Nunn,MIA,38:08,3,14,.214,1,9,.111,0,0,,1,3,4,9,1,0,0,2,7,6.5,+18,2020-01-02
1,Bam Adebayo,MIA,35:27,7,8,.875,0,0,,1,2,.500,2,12,14,2,0,1,4,4,15,13.3,+9,2020-01-02
2,Jimmy Butler,MIA,33:56,2,10,.200,0,0,,4,7,.571,3,9,12,7,2,0,3,1,8,8.9,-2,2020-01-02
3,Meyers Leonard,MIA,21:08,3,7,.429,1,3,.333,1,1,1.000,0,2,2,0,0,0,0,0,8,4.9,-4,2020-01-02
4,Duncan Robinson,MIA,18:48,2,4,.500,2,3,.667,0,0,,0,4,4,1,0,0,1,1,6,4.5,+2,2020-01-02
5,Tyler Herro,MIA,33:20,5,10,.500,3,6,.500,0,0,,1,3,4,3,1,0,2,0,13,10.7,+5,2020-01-02
6,Derrick Jones Jr.,MIA,28:14,4,13,.308,2,9,.222,0,0,,1,5,6,0,2,1,2,3,10,4.2,+3,2020-01-02
7,Goran Dragić,MIA,22:27,5,13,.385,3,7,.429,0,0,,1,1,2,1,0,1,1,1,13,6.9,+7,2020-01-02
8,Chris Silva,MIA,5:03,2,2,1.000,0,0,,0,1,.000,0,1,1,0,0,1,0,1,4,3.6,+7,2020-01-02
9,Kelly Olynyk,MIA,3:29,0,0,,0,0,,0,0,,0,1,1,0,0,0,0,0,0,0.3,-5,2020-01-02
10,Kyle Lowry,TOR,40:08,4,16,.250,2,12,.167,5,6,.833,1,3,4,8,0,1,1,4,15,10.3,-1,2020-01-02
11,Fred VanVleet,TOR,38:39,3,16,.188,1,11,.091,0,0,,1,3,4,6,1,0,1,0,7,2.8,-11,2020-01-02
12,OG Anunoby,TOR,36:48,5,12,.417,2,5,.400,0,0,,1,11,12,3,2,0,2,2,12,10.9,-1,2020-01-02
13,Serge Ibaka,TOR,34:54,9,21,.429,0,4,.000,1,2,.500,3,7,10,0,0,2,2,3,19,9.9,-1,2020-01-02
14,Patrick McCaw,TOR,27:59,1,8,.125,1,4,.250,0,0,,1,0,1,1,0,0,0,0,3,-0.8,-4,2020-01-02
15,Rondae Hollis-Jefferson,TOR,29:21,4,8,.500,0,0,,5,6,.833,3,4,7,1,1,1,2,2,13,11.5,-8,2020-01-02
16,Terence Davis,TOR,13:13,1,6,.167,0,5,.000,3,3,1.000,1,1,2,1,0,0,1,0,5,1.9,-3,2020-01-02
17,Chris Boucher,TOR,13:06,1,1,1.000,0,0,,0,0,,2,6,8,0,0,2,1,1,2,4.9,-7,2020-01-02
18,Stanley Johnson,TOR,5:52,0,1,.000,0,1,.000,0,0,,0,0,0,0,0,0,0,0,0,-0.7,-4,2020-01-02
0,Draymond Green,GSW,43:43,3,10,.300,2,5,.400,2,4,.500,3,9,12,5,2,0,0,4,10,12.1,+19,2017-06-12
1,Stephen Curry,GSW,40:48,10,20,.500,2,9,.222,12,15,.800,2,4,6,10,3,0,4,3,34,30.2,+3,2017-06-12
2,Kevin Durant,GSW,40:15,14,20,.700,5,8,.625,6,6,1.000,1,5,6,5,1,0,4,3,39,32.1,+18,2017-06-12
3,Klay Thompson,GSW,34:05,4,13,.308,3,7,.429,0,0,,1,4,5,2,1,1,0,4,11,6.9,-6,2017-06-12
4,Zaza Pachulia,GSW,9:53,0,1,.000,0,0,,0,0,,3,0,3,1,0,0,2,4,0,-1.5,-9,2017-06-12
5,Andre Iguodala,GSW,38:07,9,14,.643,2,7,.286,0,0,,1,3,4,3,0,0,1,1,20,16.1,+18,2017-06-12
6,Patrick McCaw,GSW,11:32,2,5,.400,0,2,.000,2,2,1.000,2,1,3,1,1,0,1,2,6,4.9,-3,2017-06-12
7,David West,GSW,10:31,2,4,.500,0,0,,0,0,,0,3,3,0,0,1,1,1,4,2.2,+16,2017-06-12
8,Shaun Livingston,GSW,10:02,2,3,.667,0,0,,1,1,1.000,0,0,0,0,0,0,0,2,5,2.9,-6,2017-06-12
9,Matt Barnes,GSW,1:04,0,0,,0,0,,0,0,,0,0,0,0,0,0,0,0,0,0.0,-5,2017-06-12
10,LeBron James,CLE,46:13,19,30,.633,2,5,.400,1,4,.250,2,11,13,8,2,1,2,3,41,36.2,-13,2017-06-12
11,Kyrie Irving,CLE,41:47,9,22,.409,1,2,.500,7,7,1.000,1,1,2,6,2,0,4,3,26,16.2,+4,2017-06-12
12,J.R. Smith,CLE,40:49,9,11,.818,7,8,.875,0,1,.000,0,3,3,1,0,2,0,2,25,22.7,-2,2017-06-12
13,Kevin Love,CLE,29:55,2,8,.250,0,3,.000,2,5,.400,3,7,10,2,0,1,0,2,6,5.5,-23,2017-06-12
14,Tristan Thompson,CLE,29:52,6,8,.750,0,0,,3,4,.750,4,4,8,3,1,1,3,1,15,15.8,-7,2017-06-12
15,Kyle Korver,CLE,17:48,1,3,.333,1,2,.500,0,0,,0,0,0,0,0,0,1,3,3,-0.9,0,2017-06-12
16,Richard Jefferson,CLE,17:27,1,3,.333,0,1,.000,2,2,1.000,2,0,2,0,0,0,1,4,4,1.1,+3,2017-06-12
17,Deron Williams,CLE,12:24,0,2,.000,0,2,.000,0,0,,0,2,2,2,1,0,2,1,0,-0.8,+2,2017-06-12
18,Iman Shumpert,CLE,3:45,0,1,.000,0,1,.000,0,0,,0,0,0,0,0,0,1,3,0,-2.9,-9,2017-06-12
0,Brook Lopez,BRK,28:55,8,17,.471,6,9,.667,3,4,.750,2,4,6,2,1,1,4,1,25,17.2,+2,2017-03-12
1,Jeremy Lin,BRK,27:18,3,14,.214,1,6,.167,6,9,.667,0,4,4,5,1,0,2,2,13,6.1,-3,2017-03-12
2,Caris LeVert,BRK,26:18,4,4,1.000,2,2,1.000,3,4,.750,0,4,4,4,2,0,0,2,13,16.6,-4,2017-03-12
3,Rondae Hollis-Jefferson,BRK,23:39,6,8,.750,0,0,,2,4,.500,5,6,11,0,0,1,1,5,14,13.0,0,2017-03-12
4,Randy Foye,BRK,11:41,1,2,.500,0,1,.000,0,0,,0,2,2,1,0,0,0,2,2,1.5,-1,2017-03-12
5,Spencer Dinwiddie,BRK,27:49,3,5,.600,2,2,1.000,1,2,.500,1,1,2,6,1,1,0,1,9,12.8,+10,2017-03-12
6,Isaiah Whitehead,BRK,26:12,4,10,.400,2,5,.400,0,0,,0,3,3,2,2,0,1,3,10,6.7,+6,2017-03-12
7,Trevor Booker,BRK,24:49,6,12,.500,2,3,.667,0,0,,5,4,9,0,0,0,1,2,14,10.9,+8,2017-03-12
8,Sean Kilpatrick,BRK,24:42,1,9,.111,0,6,.000,6,6,1.000,0,8,8,2,0,0,0,2,8,5.1,+16,2017-03-12
9,Quincy Acy,BRK,18:37,4,6,.667,4,4,1.000,0,0,,0,6,6,1,0,0,3,3,12,7.7,+6,2017-03-12
10,Courtney Lee,NYK,38:38,5,10,.500,2,4,.500,3,4,.750,1,1,2,1,1,0,0,3,15,11.1,-2,2017-03-12
11,Derrick Rose,NYK,37:09,5,15,.333,0,0,,7,8,.875,3,2,5,2,2,0,0,2,17,13.4,-6,2017-03-12
12,Carmelo Anthony,NYK,36:43,10,26,.385,1,5,.200,6,7,.857,1,6,7,3,0,1,3,2,27,13.9,-3,2017-03-12
13,Kristaps Porziņģis,NYK,33:36,7,16,.438,2,6,.333,3,4,.750,2,8,10,4,0,5,4,6,19,13.9,-3,2017-03-12
14,Willy Hernangómez,NYK,17:00,3,8,.375,0,1,.000,0,0,,1,9,10,1,0,1,0,1,6,6.0,-3,2017-03-12
15,Lance Thomas,NYK,32:16,4,7,.571,3,4,.750,2,3,.667,2,3,5,4,0,1,0,1,13,14.7,-5,2017-03-12
16,Ron Baker,NYK,16:30,2,3,.667,0,1,.000,3,4,.750,0,2,2,3,1,0,2,1,7,6.6,-5,2017-03-12
17,Chasson Randle,NYK,12:14,1,3,.333,0,1,.000,2,2,1.000,1,0,1,1,0,0,0,1,4,3.3,+1,2017-03-12
18,Justin Holiday,NYK,9:50,1,5,.200,0,1,.000,0,0,,0,1,1,1,0,0,0,1,2,-0.5,-11,2017-03-12
19,Kyle O'Quinn,NYK,6:04,1,1,1.000,0,0,,0,0,,0,0,0,2,1,0,0,2,2,3.3,-3,2017-03-12
0,Kobe Bryant,LAL,44:20,8,21,.381,4,9,.444,5,7,.714,3,4,7,4,5,0,6,4,25,16.2,+8,2008-06-15
1,Pau Gasol,LAL,42:07,6,10,.600,0,0,,7,10,.700,3,10,13,6,1,2,0,3,19,23.7,+13,2008-06-15
2,Lamar Odom,LAL,41:14,8,10,.800,1,1,1.000,3,3,1.000,2,9,11,2,0,4,4,3,20,19.3,+9,2008-06-15
3,Derek Fisher,LAL,35:14,3,10,.300,1,5,.200,8,11,.727,1,1,2,2,2,0,2,2,15,9.6,+11,2008-06-15
4,Vladimir Radmanović,LAL,19:13,3,6,.500,1,2,.500,0,0,,0,5,5,2,1,0,3,2,7,4.1,+20,2008-06-15
5,Jordan Farmar,LAL,22:18,5,9,.556,1,4,.250,0,0,,0,1,1,1,1,1,0,3,11,8.2,-13,2008-06-15
6,Sasha Vujačić,LAL,19:43,2,10,.200,0,5,.000,0,0,,1,0,1,0,1,0,0,2,4,-1.3,-11,2008-06-15
7,Luke Walton,LAL,10:26,1,2,.500,0,1,.000,0,0,,0,0,0,2,0,0,0,5,2,0.4,0,2008-06-15
8,Chris Mihm,LAL,2:46,0,1,.000,0,0,,0,0,,0,0,0,0,0,0,1,2,0,-2.5,-6,2008-06-15
9,Ronny Turiaf,LAL,1:24,0,0,,0,0,,0,0,,0,0,0,0,0,0,1,1,0,-1.4,-2,2008-06-15
10,Trevor Ariza,LAL,1:15,0,0,,0,0,,0,0,,0,0,0,0,0,0,0,1,0,-0.4,-4,2008-06-15
11,Paul Pierce,BOS,47:58,10,22,.455,2,6,.333,16,19,.842,1,5,6,8,1,0,5,5,38,27.2,-4,2008-06-15
12,Ray Allen,BOS,39:29,4,13,.308,3,8,.375,5,5,1.000,0,2,2,2,0,1,2,6,16,6.8,-15,2008-06-15
13,Kevin Garnett,BOS,33:06,6,11,.545,0,0,,1,4,.250,7,7,14,0,2,0,4,5,13,9.5,-10,2008-06-15
14,Rajon Rondo,BOS,14:32,1,7,.143,0,0,,1,2,.500,1,1,2,3,1,1,2,1,3,0.5,-15,2008-06-15
15,Leon Powe,BOS,4:59,0,0,,0,0,,0,0,,0,2,2,0,0,0,0,1,0,0.2,-10,2008-06-15
16,James Posey,BOS,32:25,1,2,.500,1,2,.500,0,0,,1,5,6,2,1,0,2,3,3,3.4,+9,2008-06-15
17,P.J. Brown,BOS,24:53,2,5,.400,0,0,,0,0,,1,2,3,0,0,0,0,5,4,0.6,-2,2008-06-15
18,Sam Cassell,BOS,18:00,4,8,.500,0,1,.000,1,1,1.000,0,1,1,2,0,0,1,0,9,5.7,+23,2008-06-15
19,Eddie House,BOS,13:38,2,5,.400,2,5,.400,0,0,,0,1,1,2,0,0,2,2,6,2.2,-7,2008-06-15
20,Tony Allen,BOS,10:59,3,4,.750,0,0,,0,0,,0,0,0,1,1,0,0,0,6,6.1,+6,2008-06-15
0,Kobe Bryant,LAL,48:30,10,22,.455,1,4,.250,8,10,.800,0,4,4,8,2,0,7,2,29,17.8,+2,2009-06-07
1,Pau Gasol,LAL,43:53,7,14,.500,0,0,,10,11,.909,0,10,10,3,2,1,0,3,24,23.2,0,2009-06-07
2,Derek Fisher,LAL,41:04,4,9,.444,2,3,.667,2,2,1.000,0,1,1,3,3,0,2,2,12,9.9,+5,2009-06-07
3,Trevor Ariza,LAL,37:41,3,13,.231,2,6,.333,0,0,,1,6,7,2,3,0,0,3,8,5.8,+2,2009-06-07
4,Andrew Bynum,LAL,16:24,2,5,.400,0,0,,1,1,1.000,0,1,1,2,0,2,1,5,5,2.4,0,2009-06-07
5,Lamar Odom,LAL,45:43,8,9,.889,0,0,,3,4,.750,2,6,8,2,1,3,2,5,19,19.2,+10,2009-06-07
6,Luke Walton,LAL,15:16,0,0,,0,0,,0,0,,0,2,2,0,0,0,0,3,0,-0.6,+3,2009-06-07
7,Jordan Farmar,LAL,6:09,2,5,.400,0,1,.000,0,0,,1,0,1,0,1,0,0,1,4,2.6,0,2009-06-07
8,Shannon Brown,LAL,5:47,0,0,,0,0,,0,0,,0,0,0,0,0,0,0,1,0,-0.4,0,2009-06-07
9,Sasha Vujačić,LAL,4:33,0,1,.000,0,1,.000,0,0,,0,1,1,0,0,0,0,0,0,-0.4,+3,2009-06-07
10,Hedo Türkoğlu,ORL,47:17,8,17,.471,3,6,.500,3,4,.750,0,6,6,4,0,1,5,5,22,11.2,0,2009-06-07
11,Dwight Howard,ORL,47:10,5,10,.500,0,0,,7,9,.778,3,13,16,4,4,4,7,4,17,18.2,+1,2009-06-07
12,Rashard Lewis,ORL,45:19,12,21,.571,6,12,.500,4,4,1.000,5,6,11,7,1,0,2,2,34,32.5,-6,2009-06-07
13,Rafer Alston,ORL,25:58,1,8,.125,0,4,.000,2,2,1.000,0,1,1,5,0,0,1,1,4,1.2,-5,2009-06-07
14,Courtney Lee,ORL,11:51,1,3,.333,0,0,,0,0,,0,2,2,0,0,0,0,2,2,0.1,+3,2009-06-07
15,JJ Redick,ORL,27:06,2,9,.222,1,6,.167,0,0,,1,1,2,1,0,0,1,3,5,-1.0,-2,2009-06-07
16,Mickaël Piétrus,ORL,23:10,1,3,.333,0,1,.000,0,0,,0,2,2,0,0,1,1,6,2,-1.8,-6,2009-06-07
17,Jameer Nelson,ORL,16:40,1,3,.333,0,1,.000,2,4,.500,0,0,0,1,0,0,1,0,4,1.2,-1,2009-06-07
18,Marcin Gortat,ORL,15:29,1,4,.250,0,0,,2,4,.500,1,2,3,0,0,0,2,1,4,-0.3,-4,2009-06-07
19,Tony Battie,ORL,5:00,1,1,1.000,0,0,,0,0,,0,1,1,0,0,0,0,0,2,2.0,-5,2009-06-07
0,Pau Gasol,LAL,44:14,6,14,.429,0,0,,2,2,1.000,5,8,13,4,3,1,4,4,14,13.4,-7,2009-05-04
1,Kobe Bryant,LAL,43:57,14,31,.452,1,7,.143,3,5,.600,0,8,8,4,2,0,2,3,32,19.1,-6,2009-05-04
2,Trevor Ariza,LAL,38:17,4,8,.500,0,4,.000,2,2,1.000,0,4,4,1,2,1,2,2,10,7.8,-10,2009-05-04
3,Derek Fisher,LAL,32:39,3,10,.300,0,4,.000,2,2,1.000,1,3,4,3,1,0,2,2,8,4.1,-11,2009-05-04
4,Andrew Bynum,LAL,15:08,5,10,.500,0,0,,0,0,,1,2,3,1,0,0,0,3,10,5.8,-3,2009-05-04
5,Lamar Odom,LAL,31:26,4,8,.500,0,0,,1,6,.167,4,1,5,3,1,2,1,5,9,7.6,0,2009-05-04
6,Sasha Vujačić,LAL,13:47,1,4,.250,0,2,.000,0,0,,1,0,1,1,1,0,1,4,2,-0.6,0,2009-05-04
7,Shannon Brown,LAL,12:30,0,0,,0,0,,2,2,1.000,0,0,0,1,1,0,1,2,2,1.9,-3,2009-05-04
8,Josh Powell,LAL,5:10,1,2,.500,0,0,,0,0,,0,1,1,0,0,0,0,1,2,0.9,-4,2009-05-04
9,Jordan Farmar,LAL,2:53,1,1,1.000,1,1,1.000,0,0,,0,0,0,0,0,0,0,0,3,2.7,+4,2009-05-04
10,Yao Ming,HOU,40:24,9,17,.529,0,0,,10,10,1.000,1,9,10,0,1,2,2,4,28,21.9,+5,2009-05-04
11,Metta World Peace,HOU,40:05,8,15,.533,3,6,.500,2,3,.667,1,2,3,7,1,0,2,2,21,17.7,+19,2009-05-04
12,Shane Battier,HOU,39:00,1,5,.200,0,4,.000,4,4,1.000,0,3,3,1,3,0,1,2,6,5.7,-2,2009-05-04
13,Aaron Brooks,HOU,36:09,7,14,.500,1,5,.200,4,6,.667,0,2,2,2,0,1,3,0,19,10.9,+11,2009-05-04
14,Luis Scola,HOU,34:29,4,9,.444,0,0,,2,2,1.000,1,7,8,3,2,0,1,2,10,10.4,+12,2009-05-04
15,Kyle Lowry,HOU,17:22,2,4,.500,0,0,,2,2,1.000,0,4,4,2,0,0,2,2,6,3.8,0,2009-05-04
16,Carl Landry,HOU,12:13,3,4,.750,0,0,,1,2,.500,1,1,2,0,0,0,2,0,7,4.0,-2,2009-05-04
17,Von Wafer,HOU,7:51,0,2,.000,0,0,,0,0,,0,0,0,0,0,0,2,1,0,-3.8,-9,2009-05-04
18,Chuck Hayes,HOU,6:21,0,0,,0,0,,0,0,,2,1,3,0,1,0,0,0,0,2.7,+3,2009-05-04
19,Brent Barry,HOU,6:07,1,3,.333,1,3,.333,0,0,,0,0,0,1,0,0,1,1,3,0.6,+3,2009-05-04
0,Kobe Bryant,LAL,42:30,10,21,.476,3,4,.750,8,9,.889,0,2,2,4,4,1,5,2,31,22.2,+18,2009-04-27
1,Lamar Odom,LAL,38:29,10,15,.667,2,4,.500,4,6,.667,5,10,15,4,0,3,3,2,26,26.3,+17,2009-04-27
2,Pau Gasol,LAL,36:19,6,13,.462,0,0,,5,8,.625,3,8,11,4,0,0,1,4,17,13.8,+9,2009-04-27
3,Derek Fisher,LAL,28:53,2,5,.400,0,2,.000,5,6,.833,0,1,1,3,1,0,0,4,9,7.7,+12,2009-04-27
4,Trevor Ariza,LAL,27:29,4,6,.667,2,4,.500,2,4,.500,2,5,7,4,1,2,4,4,12,11.1,+8,2009-04-27
5,Sasha Vujačić,LAL,23:59,2,10,.200,2,5,.400,0,0,,1,2,3,1,2,1,2,2,6,1.7,-2,2009-04-27
6,Shannon Brown,LAL,19:07,1,5,.200,0,2,.000,0,0,,0,3,3,2,0,0,1,0,2,0.2,-1,2009-04-27
7,Andrew Bynum,LAL,11:41,0,3,.000,0,0,,2,2,1.000,3,2,5,0,0,1,0,2,2,2.5,+2,2009-04-27
8,Josh Powell,LAL,11:33,1,2,.500,0,0,,0,0,,1,2,3,1,0,0,0,1,2,2.6,-8,2009-04-27
9,Ronnie Brewer,UTA,34:50,5,10,.500,0,0,,0,0,,3,3,6,2,1,0,3,3,10,6.2,+4,2009-04-27
10,Deron Williams,UTA,32:36,4,12,.333,1,4,.250,5,6,.833,0,2,2,6,0,0,4,3,14,6.4,-16,2009-04-27
11,Andrei Kirilenko,UTA,31:23,6,13,.462,0,2,.000,2,2,1.000,0,0,0,1,4,0,0,2,14,11.2,-9,2009-04-27
12,Mehmet Okur,UTA,30:24,2,9,.222,1,2,.500,3,4,.750,1,7,8,2,0,1,2,4,8,3.4,-2,2009-04-27
13,Carlos Boozer,UTA,30:04,3,8,.375,0,0,,4,6,.667,1,8,9,1,0,0,1,2,10,6.8,-11,2009-04-27
14,Paul Millsap,UTA,31:14,6,11,.545,0,0,,4,7,.571,2,4,6,2,2,0,0,1,16,15.1,-8,2009-04-27
15,Kyle Korver,UTA,22:20,4,10,.400,3,6,.500,0,0,,1,4,5,3,1,0,0,2,11,9.8,-2,2009-04-27
16,Ronnie Price,UTA,14:02,3,9,.333,0,2,.000,2,2,1.000,3,0,3,5,1,0,0,4,8,7.9,+10,2009-04-27
17,Brevin Knight,UTA,4:37,0,0,,0,0,,0,0,,0,1,1,1,0,0,0,1,0,0.6,-10,2009-04-27
18,Matt Harpring,UTA,4:18,1,2,.500,0,0,,0,0,,1,1,2,1,0,0,0,1,2,2.3,-1,2009-04-27
19,C.J. Miles,UTA,4:12,1,3,.333,1,2,.500,0,0,,0,1,1,0,0,0,0,1,3,1.2,-10,2009-04-27
0,Kobe Bryant,LAL,42:33,16,30,.533,2,6,.333,5,5,1.000,0,3,3,3,2,0,2,2,39,26.6,+6,2008-05-29
1,Pau Gasol,LAL,42:33,5,15,.333,0,0,,2,2,1.000,9,10,19,5,0,4,3,3,12,14.9,+6,2008-05-29
2,Lamar Odom,LAL,33:33,5,10,.500,0,1,.000,3,3,1.000,2,6,8,1,0,1,2,4,13,9.0,-7,2008-05-29
3,Derek Fisher,LAL,31:20,2,7,.286,1,3,.333,0,0,,0,3,3,1,2,0,0,2,5,3.7,+9,2008-05-29
4,Vladimir Radmanović,LAL,30:58,3,6,.500,2,4,.500,0,0,,0,0,0,2,0,0,1,3,8,4.2,+10,2008-05-29
5,Sasha Vujačić,LAL,23:13,2,5,.400,2,4,.500,3,4,.750,0,3,3,0,3,0,1,2,9,8.0,+9,2008-05-29
6,Jordan Farmar,LAL,16:40,4,8,.500,0,1,.000,0,0,,0,1,1,3,1,0,0,1,8,7.0,-1,2008-05-29
7,Luke Walton,LAL,13:44,1,4,.250,1,2,.500,2,2,1.000,0,2,2,1,1,0,0,2,5,4.1,+6,2008-05-29
8,Ronny Turiaf,LAL,5:27,0,0,,0,0,,1,2,.500,0,3,3,0,0,1,0,0,1,2.2,+2,2008-05-29
9,Tim Duncan,SAS,44:45,7,19,.368,0,1,.000,5,10,.500,2,13,15,10,0,1,2,3,19,16.3,-5,2008-05-29
10,Bruce Bowen,SAS,37:47,2,2,1.000,0,0,,0,0,,0,1,1,1,3,0,0,2,4,6.6,-15,2008-05-29
11,Tony Parker,SAS,37:45,11,22,.500,1,2,.500,0,0,,0,3,3,4,1,0,2,1,23,14.3,-15,2008-05-29
12,Michael Finley,SAS,24:37,4,9,.444,2,3,.667,3,3,1.000,0,4,4,1,0,0,1,1,13,8.8,+1,2008-05-29
13,Fabricio Oberto,SAS,17:03,1,1,1.000,0,0,,0,0,,0,1,1,2,1,0,1,3,2,2.2,+4,2008-05-29
14,Manu Ginóbili,SAS,31:21,3,9,.333,1,4,.250,2,2,1.000,1,6,7,3,0,2,3,5,9,4.9,+2,2008-05-29
15,Brent Barry,SAS,26:03,3,5,.600,3,5,.600,2,2,1.000,0,1,1,1,0,0,0,2,11,8.9,-6,2008-05-29
16,Kurt Thomas,SAS,20:38,5,7,.714,0,0,,1,1,1.000,3,4,7,0,0,0,3,4,11,6.8,-6,2008-05-29
0,Al Harrington,NYK,41:39,16,24,.667,3,8,.375,4,5,.800,2,11,13,0,1,0,2,2,39,31.1,+5,2009-02-04
1,David Lee,NYK,35:29,4,9,.444,0,0,,4,4,1.000,4,6,10,0,0,0,0,2,12,11.1,-17,2009-02-04
2,Chris Duhon,NYK,31:07,2,8,.250,1,5,.200,3,4,.750,2,3,5,5,1,0,3,1,8,6.2,-10,2009-02-04
3,Quentin Richardson,NYK,24:58,2,11,.182,1,3,.333,0,0,,1,4,5,2,0,0,1,3,5,-0.8,-4,2009-02-04
4,Jared Jeffries,NYK,11:43,1,4,.250,0,0,,2,2,1.000,0,3,3,1,0,1,0,2,4,3.1,-8,2009-02-04
5,Nate Robinson,NYK,27:35,5,9,.556,1,3,.333,0,0,,0,1,1,4,0,0,1,3,11,7.6,+3,2009-02-04
6,Tim Thomas,NYK,23:57,2,5,.400,1,1,1.000,4,4,1.000,1,4,5,1,1,0,2,6,9,5.5,+4,2009-02-04
7,Danilo Gallinari,NYK,23:31,2,4,.500,1,2,.500,2,2,1.000,0,2,2,2,0,0,2,0,7,5.0,+7,2009-02-04
8,Wilson Chandler,NYK,20:01,3,9,.333,1,3,.333,0,0,,0,0,0,0,0,0,1,3,7,-0.3,-5,2009-02-04
9,Jerome James,NYK,Did Not Dress,,,,,,,,,,,,,,,,,,,,,2009-02-04
10,LeBron James,CLE,44:03,17,33,.515,2,7,.286,16,19,.842,0,9,9,11,0,2,3,1,52,42.9,+7,2009-02-04
11,Wally Szczerbiak,CLE,39:40,5,9,.556,2,5,.400,0,0,,2,11,13,2,1,0,0,3,12,13.6,+18,2009-02-04
12,Mo Williams,CLE,36:48,3,12,.250,2,5,.400,1,1,1.000,2,2,4,2,0,0,1,4,9,2.6,+2,2009-02-04
13,Zydrunas Ilgauskas,CLE,29:11,5,13,.385,1,1,1.000,4,6,.667,3,5,8,0,0,0,1,5,15,7.7,+5,2009-02-04
14,Ben Wallace,CLE,23:35,1,3,.333,0,0,,1,2,.500,0,2,2,3,1,1,0,1,3,4.9,+7,2009-02-04
15,Daniel Gibson,CLE,31:26,4,8,.500,3,6,.500,0,0,,0,1,1,1,0,1,1,0,11,7.7,-4,2009-02-04
16,Anderson Varejão,CLE,25:39,0,0,,0,0,,1,2,.500,1,3,4,1,1,0,1,1,1,2.5,-10,2009-02-04
17,J.J. Hickson,CLE,9:38,2,2,1.000,0,0,,0,0,,0,1,1,0,0,1,0,1,4,4.0,0,2009-02-04
18,Sasha Pavlović,CLE,Not With Team,,,,,,,,,,,,,,,,,,,,,2009-02-04
19,Lorenzen Wright,CLE,Not With Team,,,,,,,,,,,,,,,,,,,,,2009-02-04
0,Kobe Bryant,LAL,39:29,10,19,.526,1,4,.250,4,5,.800,0,1,1,4,1,0,0,2,25,18.6,+1,2011-01-07
1,Metta World Peace,LAL,36:18,4,8,.500,2,3,.667,2,4,.500,1,0,1,0,1,1,1,2,12,7.8,-2,2011-01-07
2,Pau Gasol,LAL,34:28,6,8,.750,0,0,,9,12,.750,4,9,13,7,2,0,4,4,21,23.4,+5,2011-01-07
3,Andrew Bynum,LAL,31:01,7,13,.538,0,0,,3,3,1.000,2,3,5,0,1,3,3,3,17,11.9,-5,2011-01-07
4,Derek Fisher,LAL,29:28,1,5,.200,0,0,,0,0,,0,1,1,6,3,0,2,3,2,3.2,+1,2011-01-07
5,Lamar Odom,LAL,30:31,8,15,.533,1,3,.333,0,2,.000,4,9,13,2,0,2,0,4,17,15.6,+8,2011-01-07
6,Shannon Brown,LAL,16:57,2,6,.333,1,1,1.000,0,0,,2,0,2,2,1,0,1,2,5,3.6,+6,2011-01-07
7,Steve Blake,LAL,12:23,0,1,.000,0,0,,0,0,,0,2,2,2,0,0,0,2,0,0.5,+5,2011-01-07
8,Matt Barnes,LAL,9:25,1,2,.500,0,1,.000,0,0,,0,0,0,0,0,0,0,0,2,1.0,+1,2011-01-07
9,Trevor Ariza,NOH,41:36,6,12,.500,3,7,.429,2,2,1.000,1,6,7,6,2,0,4,3,17,14.5,-2,2011-01-07
10,Chris Paul,NOH,40:53,3,6,.500,1,2,.500,5,6,.833,0,0,0,10,0,0,3,5,12,10.6,+3,2011-01-07
11,David West,NOH,38:20,8,18,.444,0,0,,7,7,1.000,4,8,12,1,1,0,0,3,23,19.3,0,2011-01-07
12,Emeka Okafor,NOH,37:42,6,10,.600,0,0,,1,2,.500,5,8,13,1,1,2,1,4,13,14.4,+7,2011-01-07
13,Marco Belinelli,NOH,27:11,5,11,.455,3,4,.750,4,4,1.000,1,0,1,0,3,0,2,4,17,11.4,+2,2011-01-07
14,Quincy Pondexter,NOH,16:32,2,7,.286,1,2,.500,0,0,,0,1,1,0,0,0,0,0,5,1.2,-6,2011-01-07
15,Jarrett Jack,NOH,13:38,2,7,.286,0,1,.000,3,3,1.000,0,1,1,0,0,0,0,0,7,3.2,-4,2011-01-07
16,Willie Green,NOH,9:18,0,3,.000,0,3,.000,0,0,,0,0,0,0,0,0,1,1,0,-3.5,-9,2011-01-07
17,Aaron Gray,NOH,8:23,0,1,.000,0,0,,0,0,,1,2,3,1,0,0,1,1,0,-0.1,-10,2011-01-07
18,Jason Smith,NOH,6:27,1,1,1.000,0,0,,1,2,.500,0,1,1,0,0,0,0,0,3,2.6,-1,2011-01-07
0,Carmelo Anthony,NYK,39:46,11,24,.458,2,4,.500,10,11,.909,0,4,4,1,0,0,1,2,34,21.3,+22,2013-04-23
1,Raymond Felton,NYK,36:41,8,15,.533,0,2,.000,0,2,.000,2,5,7,2,1,0,0,2,16,12.4,+22,2013-04-23
2,Tyson Chandler,NYK,22:02,1,4,.250,0,0,,1,1,1.000,1,4,5,0,0,1,2,3,3,0.0,+21,2013-04-23
3,Iman Shumpert,NYK,17:54,2,6,.333,2,3,.667,0,0,,1,3,4,1,0,0,1,3,6,2.7,+24,2013-04-23
4,Pablo Prigioni,NYK,17:35,0,1,.000,0,0,,1,2,.500,0,1,1,5,1,0,0,1,1,4.3,+7,2013-04-23
5,J.R. Smith,NYK,36:12,7,15,.467,2,4,.500,3,4,.750,0,2,2,1,0,1,1,1,19,11.5,+2,2013-04-23
6,Jason Kidd,NYK,22:42,1,2,.500,1,2,.500,0,0,,0,6,6,2,2,0,2,1,3,4.8,-2,2013-04-23
7,Kenyon Martin,NYK,22:41,1,3,.333,0,0,,1,2,.500,3,8,11,2,0,4,3,3,3,5.4,-6,2013-04-23
8,Steve Novak,NYK,9:30,1,2,.500,0,1,.000,0,0,,0,1,1,0,0,0,0,1,2,0.9,-14,2013-04-23
9,Chris Copeland,NYK,9:13,0,2,.000,0,1,.000,0,0,,0,0,0,0,1,0,0,0,0,-0.4,0,2013-04-23
10,Quentin Richardson,NYK,3:13,0,1,.000,0,1,.000,0,0,,0,1,1,0,0,0,0,0,0,-0.4,+2,2013-04-23
11,James White,NYK,2:31,0,1,.000,0,1,.000,0,0,,0,0,0,0,0,0,0,0,0,-0.7,+2,2013-04-23
12,Paul Pierce,BOS,37:38,8,19,.421,1,5,.200,1,2,.500,1,5,6,6,0,1,5,5,18,7.6,-28,2013-04-23
13,Jeff Green,BOS,34:52,3,11,.273,0,1,.000,4,6,.667,0,1,1,1,0,1,0,4,10,2.8,-22,2013-04-23
14,Brandon Bass,BOS,34:11,2,6,.333,0,0,,2,2,1.000,2,8,10,1,1,0,0,3,6,6.9,-7,2013-04-23
15,Avery Bradley,BOS,34:04,2,5,.400,0,1,.000,2,2,1.000,0,2,2,2,0,0,1,1,6,3.9,-7,2013-04-23
16,Kevin Garnett,BOS,24:10,4,9,.444,0,0,,4,4,1.000,0,11,11,1,0,2,3,5,12,7.7,-5,2013-04-23
17,Jason Terry,BOS,34:17,3,8,.375,3,7,.429,0,0,,0,1,1,3,0,0,0,0,9,7.0,+1,2013-04-23
18,Jordan Crawford,BOS,25:15,4,11,.364,1,5,.200,1,2,.500,0,0,0,0,2,0,2,1,10,3.1,0,2013-04-23
19,Chris Wilcox,BOS,5:34,0,0,,0,0,,0,0,,0,2,2,0,0,0,0,0,0,0.6,-8,2013-04-23
20,Courtney Lee,BOS,4:14,0,0,,0,0,,0,0,,0,0,0,0,0,0,0,0,0,0.0,0,2013-04-23
21,Shavlik Randolph,BOS,3:13,0,0,,0,0,,0,0,,0,3,3,0,0,0,0,1,0,0.5,-2,2013-04-23
22,Terrence Williams,BOS,2:31,0,1,.000,0,0,,0,0,,0,1,1,0,0,0,0,0,0,-0.4,-2,2013-04-23
0,Pau Gasol,LAL,24:29,5,12,.417,1,2,.500,4,4,1.000,1,12,13,4,0,0,5,0,15,10.7,-2,2013-10-29
1,Steve Blake,LAL,22:25,2,3,.667,2,2,1.000,0,0,,1,1,2,1,1,0,0,1,6,7.0,-6,2013-10-29
2,Nick Young,LAL,22:03,3,10,.300,1,4,.250,6,8,.750,0,1,1,0,1,0,2,1,13,5.3,-4,2013-10-29
3,Steve Nash,LAL,20:44,1,3,.333,1,1,1.000,0,0,,0,1,1,5,0,0,3,3,3,0.9,-2,2013-10-29
4,Shawne Williams,LAL,12:50,1,5,.200,0,3,.000,1,2,.500,1,2,3,0,1,2,1,3,3,1.0,-2,2013-10-29
5,Jordan Farmar,LAL,27:16,6,10,.600,2,3,.667,2,4,.500,2,2,4,6,1,0,3,5,16,12.8,+15,2013-10-29
6,Xavier Henry,LAL,26:24,8,13,.615,3,4,.750,3,8,.375,2,4,6,2,1,0,1,1,22,17.7,+15,2013-10-29
7,Jodie Meeks,LAL,25:35,4,8,.500,3,6,.500,2,2,1.000,0,3,3,2,1,0,2,2,13,9.5,+19,2013-10-29
8,Wesley Johnson,LAL,20:32,1,11,.091,1,4,.250,0,0,,0,3,3,1,0,1,0,4,3,-3.6,+15,2013-10-29
9,Chris Kaman,LAL,19:40,5,10,.500,0,0,,0,0,,4,4,8,0,1,2,1,1,10,10.0,0,2013-10-29
10,Jordan Hill,LAL,18:02,6,8,.750,0,0,,0,0,,7,1,8,2,1,1,1,2,12,15.3,+17,2013-10-29
11,Blake Griffin,LAC,40:09,8,15,.533,0,0,,3,10,.300,2,5,7,3,1,0,4,1,19,10.5,-6,2013-10-29
12,Chris Paul,LAC,35:58,5,13,.385,0,2,.000,5,5,1.000,0,6,6,11,5,0,1,4,15,19.8,-13,2013-10-29
13,DeAndre Jordan,LAC,35:29,8,10,.800,0,0,,1,2,.500,4,7,11,1,3,3,1,5,17,20.5,-13,2013-10-29
14,JJ Redick,LAC,33:49,5,12,.417,2,5,.400,1,1,1.000,1,1,2,3,0,0,1,0,13,8.7,-19,2013-10-29
15,Jared Dudley,LAC,22:43,2,6,.333,1,4,.250,0,0,,0,3,3,2,0,0,1,4,5,1.3,0,2013-10-29
16,Matt Barnes,LAC,28:28,3,6,.500,1,3,.333,1,1,1.000,2,4,6,3,2,0,3,4,8,7.1,-15,2013-10-29
17,Jamal Crawford,LAC,25:54,5,13,.385,3,6,.500,2,2,1.000,1,2,3,3,0,0,3,0,15,8.3,-1,2013-10-29
18,Darren Collison,LAC,12:29,4,5,.800,1,1,1.000,0,0,,0,1,1,1,0,0,2,2,9,5.3,+2,2013-10-29
19,Ryan Hollins,LAC,3:57,0,2,.000,0,0,,0,2,.000,0,1,1,0,0,1,0,1,0,-1.6,-2,2013-10-29
20,Reggie Bullock,LAC,1:04,1,1,1.000,0,0,,0,0,,0,0,0,0,0,0,0,0,2,1.7,+2,2013-10-29
0,LeBron James,MIA,39:54,8,19,.421,1,3,.333,5,9,.556,1,5,6,5,2,2,3,2,22,15.6,+1,2011-05-01
1,Chris Bosh,MIA,37:20,3,10,.300,0,0,,1,2,.500,2,10,12,0,1,1,3,4,7,2.3,-5,2011-05-01
2,Dwyane Wade,MIA,37:18,14,21,.667,2,5,.400,8,9,.889,0,1,1,5,3,2,2,4,38,33.1,+8,2011-05-01
3,Mike Bibby,MIA,21:55,1,4,.250,1,3,.333,0,0,,0,3,3,1,0,1,0,2,3,2.1,+7,2011-05-01
4,Zydrunas Ilgauskas,MIA,12:31,0,2,.000,0,0,,0,0,,1,3,4,0,0,0,3,3,0,-4.0,-7,2011-05-01
5,Joel Anthony,MIA,31:11,0,1,.000,0,0,,2,2,1.000,1,4,5,1,0,2,2,4,2,1.7,+15,2011-05-01
6,James Jones,MIA,28:17,5,7,.714,5,7,.714,10,10,1.000,0,3,3,0,0,0,0,2,25,22.2,+14,2011-05-01
7,Mario Chalmers,MIA,23:12,1,4,.250,0,1,.000,0,0,,0,2,2,2,1,0,2,0,2,0.6,-1,2011-05-01
8,Mike Miller,MIA,8:22,0,0,,0,0,,0,0,,0,3,3,3,0,0,1,0,0,2.0,+13,2011-05-01
9,Ray Allen,BOS,38:40,9,13,.692,5,8,.625,2,2,1.000,1,2,3,3,1,0,0,4,25,22.3,-6,2011-05-01
10,Kevin Garnett,BOS,37:12,3,9,.333,0,0,,0,0,,0,8,8,3,1,2,0,3,6,6.6,+6,2011-05-01
11,Paul Pierce,BOS,34:45,6,14,.429,3,7,.429,4,6,.667,1,6,7,2,1,0,4,3,19,10.5,-7,2011-05-01
12,Rajon Rondo,BOS,32:23,3,10,.300,0,0,,2,2,1.000,0,7,7,7,3,0,5,4,8,5.6,+7,2011-05-01
13,Jermaine O'Neal,BOS,20:43,3,6,.500,0,0,,3,3,1.000,1,2,3,0,0,0,0,4,9,5.7,+2,2011-05-01
14,Delonte West,BOS,26:11,3,9,.333,2,5,.400,2,2,1.000,2,3,5,2,0,0,1,2,10,6.8,-8,2011-05-01
15,Glen Davis,BOS,22:53,2,5,.400,0,0,,0,0,,1,3,4,0,0,0,1,2,4,1.1,-21,2011-05-01
16,Jeff Green,BOS,21:32,3,8,.375,2,4,.500,1,3,.333,0,0,0,1,1,1,2,1,9,3.8,-9,2011-05-01
17,Nenad Krstić,BOS,5:41,0,1,.000,0,0,,0,0,,1,1,2,0,0,0,0,1,0,-0.1,-9,2011-05-01
0,Allan Houston,NYK,47:01,12,17,.706,0,2,.000,8,10,.800,1,1,2,2,0,0,3,1,32,23.1,+8,1999-06-11
1,Latrell Sprewell,NYK,43:02,7,19,.368,0,2,.000,6,6,1.000,3,2,5,3,1,2,4,2,20,11.9,+3,1999-06-11
2,Chris Dudley,NYK,23:11,0,4,.000,0,0,,0,0,,0,4,4,0,3,0,1,3,0,-0.8,-10,1999-06-11
3,Larry Johnson,NYK,13:31,2,5,.400,0,1,.000,4,4,1.000,0,1,1,1,0,0,0,1,8,5.9,-2,1999-06-11
4,Charlie Ward,NYK,11:31,0,1,.000,0,1,.000,0,0,,0,1,1,1,3,0,2,1,0,0.9,-14,1999-06-11
5,Marcus Camby,NYK,37:27,4,6,.667,0,0,,7,11,.636,2,7,9,1,2,3,1,2,15,17.3,+26,1999-06-11
6,Chris Childs,NYK,36:55,3,9,.333,1,3,.333,2,2,1.000,0,4,4,4,2,0,2,3,9,6.7,+24,1999-06-11
7,Kurt Thomas,NYK,27:22,3,9,.333,0,0,,0,0,,4,3,7,1,1,0,2,3,6,3.1,+5,1999-06-11
8,Patrick Ewing,NYK,Did Not Dress,,,,,,,,,,,,,,,,,,,,,1999-06-11
9,David Wingate,NYK,Did Not Dress,,,,,,,,,,,,,,,,,,,,,1999-06-11
10,Reggie Miller,IND,36:11,3,18,.167,1,8,.125,1,1,1.000,1,2,3,4,0,0,2,5,8,-3.3,-6,1999-06-11
11,Dale Davis,IND,33:10,3,4,.750,0,0,,2,2,1.000,4,8,12,0,0,1,4,5,8,6.3,+1,1999-06-11
12,Mark Jackson,IND,32:46,6,8,.750,2,4,.500,0,0,,0,4,4,4,0,0,2,5,14,10.8,-4,1999-06-11
13,Rik Smits,IND,32:37,9,18,.500,0,0,,2,2,1.000,2,6,8,2,2,0,6,6,20,9.2,+5,1999-06-11
14,Chris Mullin,IND,24:20,0,3,.000,0,1,.000,1,1,1.000,0,5,5,2,0,0,2,2,1,-1.0,+10,1999-06-11
15,Jalen Rose,IND,30:10,7,15,.467,1,4,.250,1,1,1.000,0,1,1,3,3,1,3,5,16,9.4,-19,1999-06-11
16,Antonio Davis,IND,21:32,2,4,.500,0,0,,0,0,,1,0,1,0,0,1,1,3,4,1.2,-12,1999-06-11
17,Travis Best,IND,15:14,3,6,.500,1,2,.500,0,0,,0,2,2,3,1,0,1,1,7,6.3,-4,1999-06-11
18,Derrick McKey,IND,9:58,1,1,1.000,0,0,,2,2,1.000,1,1,2,1,0,0,4,3,4,0.2,-9,1999-06-11
19,Sam Perkins,IND,4:02,0,0,,0,0,,0,0,,0,0,0,0,0,0,1,0,0,-1.0,-2,1999-06-11
0,Kenyon Martin,NJN,42:25,6,15,.400,0,0,,2,4,.500,4,6,10,4,2,0,4,5,14,8.5,0,2003-05-07
1,Richard Jefferson,NJN,41:17,10,18,.556,0,0,,5,6,.833,1,5,6,3,2,0,4,1,25,17.9,+27,2003-05-07
2,Jason Kidd,NJN,38:26,6,10,.600,2,2,1.000,9,9,1.000,1,10,11,8,2,0,6,0,23,23.7,+13,2003-05-07
3,Kerry Kittles,NJN,30:48,6,12,.500,3,5,.600,1,2,.500,1,2,3,4,1,0,0,4,16,13.1,+14,2003-05-07
4,Jason Collins,NJN,29:37,2,6,.333,0,1,.000,6,8,.750,3,3,6,1,3,1,0,4,10,11.6,+17,2003-05-07
5,Lucious Harris,NJN,18:04,1,6,.167,1,1,1.000,0,0,,0,2,2,6,0,0,2,3,3,0.8,-4,2003-05-07
6,Aaron Williams,NJN,17:01,0,5,.000,0,0,,4,4,1.000,2,1,3,1,0,0,0,1,4,2.5,-9,2003-05-07
7,Rodney Rogers,NJN,12:48,2,4,.500,1,1,1.000,0,0,,0,1,1,1,0,0,0,2,5,3.2,-9,2003-05-07
8,Anthony Johnson,NJN,9:35,2,3,.667,0,0,,0,0,,1,1,2,1,1,0,1,3,4,3.2,-4,2003-05-07
9,Paul Pierce,BOS,45:29,9,17,.529,1,3,.333,13,15,.867,2,8,10,11,2,1,6,4,32,29.5,-2,2003-05-07
10,Antoine Walker,BOS,44:40,3,15,.200,0,1,.000,1,2,.500,4,5,9,3,1,0,5,4,7,-1.9,-7,2003-05-07
11,Walter McCarty,BOS,38:09,2,5,.400,0,3,.000,0,0,,2,4,6,0,3,1,3,5,4,2.6,-11,2003-05-07
12,Tony Delk,BOS,36:48,7,13,.538,3,6,.500,2,2,1.000,0,5,5,6,1,0,3,2,19,15.6,-1,2003-05-07
13,Tony Battie,BOS,24:16,7,11,.636,0,1,.000,1,2,.500,1,2,3,0,0,1,1,4,15,9.1,+10,2003-05-07
14,Eric Williams,BOS,26:38,4,9,.444,0,1,.000,1,2,.500,0,0,0,2,2,0,1,3,9,5.1,-16,2003-05-07
15,Mark Blount,BOS,12:48,2,3,.667,0,0,,1,1,1.000,1,4,5,0,2,1,2,3,5,5.1,-10,2003-05-07
16,J.R. Bremer,BOS,11:12,1,4,.250,1,4,.250,1,1,1.000,0,1,1,2,0,0,0,0,4,3.3,-8,2003-05-07
0,LeBron James,LAL,45:28,8,18,.444,1,7,.143,5,7,.714,5,15,20,7,0,2,1,3,22,23.9,+8,2023-04-24
1,Anthony Davis,LAL,41:54,4,13,.308,0,1,.000,4,6,.667,2,9,11,2,2,4,4,3,12,8.8,-3,2023-04-24
2,Austin Reaves,LAL,41:36,7,16,.438,2,5,.400,7,8,.875,0,4,4,6,1,0,3,4,23,16.0,+12,2023-04-24
3,D'Angelo Russell,LAL,28:51,7,15,.467,3,8,.375,0,0,,0,1,1,3,0,0,2,6,17,7.3,-16,2023-04-24
4,Jarred Vanderbilt,LAL,19:38,6,9,.667,2,5,.400,1,2,.500,3,3,6,1,0,3,2,0,15,14.5,-18,2023-04-24
5,Dennis Schröder,LAL,30:23,3,5,.600,0,1,.000,6,6,1.000,0,0,0,1,2,2,3,1,12,10.4,+24,2023-04-24
6,Rui Hachimura,LAL,26:19,2,9,.222,1,4,.250,2,2,1.000,1,5,6,1,0,0,0,0,7,4.4,+18,2023-04-24
7,Troy Brown Jr.,LAL,21:49,3,5,.600,0,2,.000,0,0,,2,2,4,1,0,0,0,0,6,6.4,+6,2023-04-24
8,Malik Beasley,LAL,9:02,1,4,.250,1,3,.333,0,0,,0,0,0,0,0,0,0,0,3,0.6,-1,2023-04-24
9,Desmond Bane,MEM,46:47,13,29,.448,3,12,.250,7,7,1.000,2,5,7,3,1,0,3,4,36,22.3,-4,2023-04-24
10,Ja Morant,MEM,44:02,8,24,.333,1,6,.167,2,4,.500,3,1,4,7,3,1,4,3,19,10.4,+1,2023-04-24
11,Jaren Jackson Jr.,MEM,42:02,5,15,.333,0,4,.000,4,5,.800,6,8,14,1,0,5,4,4,14,10.3,+1,2023-04-24
12,Xavier Tillman Sr.,MEM,41:32,5,9,.556,0,1,.000,2,2,1.000,2,6,8,6,1,1,1,5,12,13.8,-3,2023-04-24
13,Dillon Brooks,MEM,40:55,4,11,.364,1,7,.143,2,2,1.000,1,4,5,4,0,0,1,5,11,6.6,+2,2023-04-24
14,David Roddy,MEM,19:42,3,10,.300,2,6,.333,1,1,1.000,1,4,5,2,0,0,0,2,9,5.7,-10,2023-04-24
15,Luke Kennard,MEM,13:37,2,4,.500,2,4,.500,0,0,,1,3,4,1,0,0,0,2,6,5.5,-10,2023-04-24
16,Tyus Jones,MEM,8:58,1,2,.500,0,1,.000,0,0,,0,1,1,2,0,0,0,0,2,2.7,-7,2023-04-24
17,Santi Aldama,MEM,7:25,1,2,.500,0,1,.000,0,0,,0,1,1,0,2,0,0,1,2,2.9,0,2023-04-24
0,Brandon Ingram,LAL,44:01,12,21,.571,2,2,1.000,6,7,.857,0,5,5,3,3,2,7,5,32,20.7,-8,2017-11-29
1,Lonzo Ball,LAL,43:20,5,12,.417,3,7,.429,2,2,1.000,1,1,2,10,1,0,2,2,15,14.8,-8,2017-11-29
2,Kentavious Caldwell-Pope,LAL,41:32,7,18,.389,2,8,.250,5,6,.833,2,5,7,0,1,0,2,3,21,11.5,+1,2017-11-29
3,Larry Nance Jr.,LAL,22:27,0,2,.000,0,0,,0,0,,0,4,4,5,4,1,0,0,0,8.0,-11,2017-11-29
4,Brook Lopez,LAL,16:52,2,5,.400,0,2,.000,2,3,.667,0,1,1,1,1,1,2,1,6,3.2,-15,2017-11-29
5,Jordan Clarkson,LAL,35:31,9,19,.474,2,4,.500,1,1,1.000,3,3,6,8,0,0,1,3,21,17.7,+8,2017-11-29
6,Julius Randle,LAL,31:10,9,13,.692,0,0,,2,4,.500,1,3,4,2,0,1,1,4,20,14.8,+11,2017-11-29
7,Josh Hart,LAL,12:43,2,3,.667,0,0,,2,2,1.000,0,3,3,0,0,0,1,2,6,3.8,-4,2017-11-29
8,Corey Brewer,LAL,12:04,0,1,.000,0,1,.000,0,0,,0,0,0,0,2,0,1,3,0,-0.9,+4,2017-11-29
9,Andrew Bogut,LAL,5:21,1,1,1.000,0,0,,0,0,,0,2,2,1,0,0,0,0,2,3.0,+2,2017-11-29
10,Kevin Durant,GSW,42:19,12,25,.480,3,7,.429,2,4,.500,0,7,7,5,1,1,6,4,29,15.2,+8,2017-11-29
11,Stephen Curry,GSW,39:24,9,20,.450,3,9,.333,7,8,.875,0,5,5,7,0,0,5,4,28,17.0,+4,2017-11-29
12,Klay Thompson,GSW,38:42,6,12,.500,4,8,.500,4,4,1.000,0,3,3,2,1,0,0,1,20,16.9,+4,2017-11-29
13,Draymond Green,GSW,38:20,5,10,.500,1,3,.333,4,6,.667,4,7,11,9,4,0,4,2,15,19.6,-2,2017-11-29
14,Zaza Pachulia,GSW,14:11,5,5,1.000,0,0,,1,1,1.000,2,4,6,2,1,0,1,2,11,12.7,+11,2017-11-29
15,Andre Iguodala,GSW,34:49,1,4,.250,0,1,.000,0,0,,2,4,6,3,0,1,0,2,2,4.2,-5,2017-11-29
16,Nick Young,GSW,13:53,3,5,.600,1,2,.500,2,3,.667,1,1,2,0,0,0,1,0,9,6.3,+4,2017-11-29
17,Kevon Looney,GSW,12:54,1,6,.167,0,0,,0,0,,2,2,4,0,0,1,0,0,2,0.9,-3,2017-11-29
18,Jordan Bell,GSW,12:23,3,4,.750,0,0,,0,0,,1,3,4,0,2,1,3,1,6,5.3,+5,2017-11-29
19,Shaun Livingston,GSW,9:40,2,2,1.000,0,0,,1,2,.500,0,1,1,0,1,0,2,2,5,2.5,-4,2017-11-29
20,Patrick McCaw,GSW,8:25,0,1,.000,0,0,,0,0,,0,0,0,2,0,0,0,1,0,0.3,-2,2017-11-29
0,Yao Ming,HOU,41:10,11,18,.611,0,0,,8,9,.889,3,12,15,1,0,6,2,4,30,28.4,+7,2007-11-21
1,Shane Battier,HOU,38:21,4,9,.444,3,6,.500,1,1,1.000,0,2,2,3,0,1,0,0,12,10.7,+3,2007-11-21
2,Tracy McGrady,HOU,38:01,6,19,.316,1,5,.200,2,4,.500,0,7,7,12,2,1,6,2,15,9.7,+4,2007-11-21
3,Rafer Alston,HOU,34:04,7,13,.538,3,7,.429,1,1,1.000,0,4,4,3,1,0,2,0,18,14.0,+7,2007-11-21
4,Chuck Hayes,HOU,31:14,1,3,.333,0,0,,0,0,,3,10,13,1,1,1,1,3,2,5.6,+18,2007-11-21
5,Mike James,HOU,16:04,2,6,.333,1,3,.333,1,2,.500,0,1,1,0,0,0,0,1,6,2.1,-22,2007-11-21
6,Bonzi Wells,HOU,13:47,1,3,.333,0,0,,0,0,,0,0,0,0,0,0,2,4,2,-3.3,-17,2007-11-21
7,Luther Head,HOU,12:58,3,6,.500,2,2,1.000,0,0,,0,1,1,1,0,0,1,1,8,4.6,-16,2007-11-21
8,Luis Scola,HOU,9:31,0,1,.000,0,0,,0,0,,0,2,2,0,1,0,3,2,0,-2.9,-8,2007-11-21
9,Dikembe Mutombo,HOU,4:50,0,1,.000,0,0,,1,1,1.000,1,0,1,0,0,0,0,1,1,0.6,-6,2007-11-21
10,Josh Howard,DAL,40:11,9,19,.474,2,2,1.000,0,0,,1,6,7,1,1,2,0,3,20,14.7,-1,2007-11-21
11,Dirk Nowitzki,DAL,36:55,8,16,.500,0,1,.000,2,5,.400,2,12,14,0,0,1,1,3,18,12.3,+1,2007-11-21
12,Devin Harris,DAL,31:36,7,13,.538,1,2,.500,7,8,.875,0,1,1,5,3,0,3,5,22,17.1,+4,2007-11-21
13,Trenton Hassell,DAL,16:45,1,2,.500,0,0,,0,0,,1,1,2,0,1,0,0,2,2,2.2,-14,2007-11-21
14,DeSagana Diop,DAL,16:44,0,4,.000,0,0,,0,0,,6,1,7,1,0,1,0,0,0,3.1,-15,2007-11-21
15,Brandon Bass,DAL,32:07,6,12,.500,0,0,,5,5,1.000,1,5,6,3,0,1,0,1,17,15.6,+6,2007-11-21
16,Jason Terry,DAL,30:00,3,9,.333,0,1,.000,0,0,,1,2,3,4,2,0,2,0,6,5.0,+24,2007-11-21
17,Jerry Stackhouse,DAL,25:21,4,12,.333,1,4,.250,6,6,1.000,0,5,5,1,0,0,2,0,15,8.4,+20,2007-11-21
18,Erick Dampier,DAL,10:21,0,1,.000,0,0,,0,0,,1,1,2,0,0,0,2,1,0,-2.1,+5,2007-11-21
0,Vince Carter,NJN,41:13,16,27,.593,6,9,.667,5,6,.833,0,3,3,6,2,1,1,0,43,36.9,+22,2006-04-02
1,Richard Jefferson,NJN,40:59,6,16,.375,0,1,.000,4,6,.667,2,5,7,3,1,0,2,1,16,10.0,+14,2006-04-02
2,Jason Kidd,NJN,37:27,3,10,.300,1,5,.200,2,3,.667,0,7,7,9,3,0,2,0,9,12.2,+8,2006-04-02
3,Nenad Krstić,NJN,36:55,5,10,.500,0,0,,1,1,1.000,2,6,8,1,0,2,1,3,11,9.1,+9,2006-04-02
4,Jason Collins,NJN,30:39,1,4,.250,0,0,,0,0,,0,2,2,0,0,0,2,6,2,-4.2,+11,2006-04-02
5,Clifford Robinson,NJN,21:11,1,3,.333,1,2,.500,2,2,1.000,0,4,4,1,1,1,0,4,5,5.3,+9,2006-04-02
6,Jacque Vaughn,NJN,17:07,1,5,.200,0,0,,2,2,1.000,1,1,2,2,0,0,1,2,4,1.5,0,2006-04-02
7,Zoran Planinić,NJN,5:04,0,0,,0,0,,0,0,,0,2,2,0,0,0,0,0,0,0.6,-1,2006-04-02
8,Lamond Murray,NJN,4:36,0,1,.000,0,1,.000,0,0,,0,0,0,0,0,0,0,1,0,-1.1,-2,2006-04-02
9,Antoine Wright,NJN,2:07,0,2,.000,0,1,.000,0,0,,0,0,0,0,0,0,0,2,0,-2.2,-6,2006-04-02
10,Boštjan Nachbar,NJN,1:21,0,0,,0,0,,0,0,,0,1,1,0,0,0,0,0,0,0.3,-2,2006-04-02
11,Scott Padgett,NJN,1:21,0,0,,0,0,,0,0,,0,0,0,0,0,0,0,1,0,-0.4,-2,2006-04-02
12,Dwyane Wade,MIA,41:26,12,26,.462,0,0,,8,8,1.000,1,5,6,5,2,1,5,2,32,21.2,-13,2006-04-02
13,Gary Payton,MIA,37:10,2,8,.250,0,4,.000,2,2,1.000,2,5,7,7,0,0,1,5,6,6.0,-3,2006-04-02
14,Shaquille O'Neal,MIA,35:57,8,12,.667,0,0,,2,8,.250,3,6,9,4,0,0,6,5,18,9.1,-8,2006-04-02
15,Udonis Haslem,MIA,26:49,2,6,.333,0,0,,0,1,.000,2,9,11,0,0,0,1,1,4,2.9,-3,2006-04-02
16,Derek Anderson,MIA,16:20,1,3,.333,1,3,.333,0,0,,0,2,2,0,1,0,1,1,3,1.5,-2,2006-04-02
17,Antoine Walker,MIA,30:48,4,12,.333,1,4,.250,2,6,.333,1,3,4,2,1,2,1,2,11,6.2,-9,2006-04-02
18,Shandon Anderson,MIA,17:40,0,2,.000,0,1,.000,0,0,,2,2,4,0,0,0,0,2,0,-0.2,-14,2006-04-02
19,Jason Kapono,MIA,16:34,2,4,.500,0,0,,0,0,,0,1,1,1,0,0,0,2,4,2.2,-4,2006-04-02
20,Michael Doleac,MIA,15:55,0,2,.000,0,0,,0,0,,0,4,4,0,2,0,0,2,0,1.0,-6,2006-04-02
21,Wayne Simien,MIA,1:21,0,0,,0,0,,0,0,,0,0,0,0,0,0,0,0,0,0.0,+2,2006-04-02
0,Dwyane Wade,MIA,41:18,8,16,.500,0,1,.000,11,12,.917,2,6,8,5,3,1,5,1,27,23.6,+13,2005-03-17
1,Eddie Jones,MIA,40:56,5,15,.333,1,6,.167,1,2,.500,1,5,6,3,0,0,0,1,12,7.0,+3,2005-03-17
2,Shaquille O'Neal,MIA,37:24,11,19,.579,0,0,,3,9,.333,4,8,12,2,1,4,2,1,25,21.7,0,2005-03-17
3,Udonis Haslem,MIA,36:47,0,6,.000,0,0,,2,2,1.000,2,6,8,2,1,0,1,3,2,1.2,+6,2005-03-17
4,Damon Jones,MIA,27:38,4,9,.444,3,7,.429,0,0,,0,1,1,3,1,0,1,3,11,7.5,0,2005-03-17
5,Keyon Dooling,MIA,20:22,6,11,.545,1,5,.200,4,4,1.000,0,1,1,1,0,0,0,1,17,12.3,+13,2005-03-17
6,Shandon Anderson,MIA,17:27,2,2,1.000,0,0,,0,0,,2,2,4,2,2,0,2,2,4,6.0,+13,2005-03-17
7,Christian Laettner,MIA,11:04,1,1,1.000,0,0,,0,0,,0,1,1,0,2,1,0,4,2,3.1,+7,2005-03-17
8,Michael Doleac,MIA,7:04,1,1,1.000,0,0,,0,0,,1,0,1,0,0,0,0,0,2,2.4,+10,2005-03-17
9,Kobe Bryant,LAL,45:29,8,23,.348,2,6,.333,8,9,.889,5,5,10,3,4,1,3,2,26,20.7,-6,2005-03-17
10,Lamar Odom,LAL,42:28,4,9,.444,0,3,.000,3,4,.750,2,9,11,5,3,1,3,4,11,12.6,-7,2005-03-17
11,Chucky Atkins,LAL,40:56,9,18,.500,5,9,.556,0,0,,0,3,3,6,0,0,4,2,23,14.3,-3,2005-03-17
12,Caron Butler,LAL,36:59,5,14,.357,0,0,,0,0,,3,4,7,2,0,0,1,3,10,4.7,+5,2005-03-17
13,Chris Mihm,LAL,15:24,0,4,.000,0,0,,1,2,.500,1,3,4,1,0,0,1,4,1,-2.5,+8,2005-03-17
14,Brian Grant,LAL,18:38,4,9,.444,0,0,,0,0,,2,3,5,0,1,0,0,4,8,5.0,-10,2005-03-17
15,Jumaine Jones,LAL,13:35,0,3,.000,0,2,.000,0,0,,1,2,3,0,1,0,2,2,0,-2.6,-18,2005-03-17
16,Brian Cook,LAL,8:53,3,3,1.000,3,3,1.000,1,2,.500,0,1,1,1,1,0,0,2,10,9.9,-5,2005-03-17
17,Stanislav Medvedenko,LAL,8:02,0,2,.000,0,0,,0,0,,0,0,0,0,0,0,0,2,0,-2.2,-12,2005-03-17
18,Tierre Brown,LAL,7:04,0,1,.000,0,0,,0,0,,0,0,0,1,0,0,0,0,0,0.0,-10,2005-03-17
19,Luke Walton,LAL,2:31,0,1,.000,0,1,.000,0,0,,0,0,0,0,0,0,1,1,0,-2.1,-7,2005-03-17
0,Tyson Chandler,NYK,31:58,2,4,.500,0,0,,7,10,.700,2,3,5,0,1,1,2,2,11,9.0,+1,2012-04-25
1,Amar'e Stoudemire,NYK,28:58,4,9,.444,0,0,,2,3,.667,2,5,7,1,0,1,2,4,10,5.6,+1,2012-04-25
2,Carmelo Anthony,NYK,28:20,7,16,.438,0,2,.000,3,4,.750,0,6,6,3,1,0,1,1,17,11.7,0,2012-04-25
3,Iman Shumpert,NYK,24:08,3,5,.600,0,1,.000,0,0,,2,5,7,2,1,0,0,1,6,8.6,-1,2012-04-25
4,Baron Davis,NYK,18:42,5,10,.500,2,5,.400,0,0,,0,0,0,1,1,0,1,0,12,7.7,-9,2012-04-25
5,J.R. Smith,NYK,30:17,7,13,.538,3,7,.429,4,4,1.000,1,1,2,5,4,0,2,3,21,20.0,+13,2012-04-25
6,Steve Novak,NYK,26:31,4,8,.500,4,7,.571,2,2,1.000,0,3,3,0,1,0,0,3,14,10.7,+14,2012-04-25
7,Landry Fields,NYK,22:23,4,8,.500,0,0,,0,1,.000,1,2,3,1,0,0,0,1,8,5.2,+2,2012-04-25
8,Mike Bibby,NYK,21:09,0,4,.000,0,2,.000,0,0,,0,1,1,5,0,0,0,1,0,0.6,+11,2012-04-25
9,Dan Gadzuric,NYK,7:34,0,0,,0,0,,0,0,,0,2,2,0,0,0,0,2,0,-0.2,-2,2012-04-25
10,Randy Foye,LAC,43:03,9,23,.391,4,12,.333,6,7,.857,1,4,5,4,3,0,1,2,28,21.0,+1,2012-04-25
11,Blake Griffin,LAC,41:13,11,14,.786,0,1,.000,7,14,.500,3,7,10,6,2,0,1,4,29,28.6,+5,2012-04-25
12,Caron Butler,LAC,33:13,3,8,.375,3,6,.500,0,0,,1,2,3,1,1,1,4,3,9,3.1,+15,2012-04-25
13,DeAndre Jordan,LAC,29:15,2,4,.500,0,0,,1,2,.500,2,8,10,0,0,0,0,1,5,6.0,-9,2012-04-25
14,Eric Bledsoe,LAC,26:41,1,5,.200,0,1,.000,0,0,,0,3,3,5,0,1,2,4,2,0.4,+13,2012-04-25
15,Mo Williams,LAC,26:16,3,9,.333,3,4,.750,0,0,,1,2,3,3,0,0,3,0,9,4.3,-26,2012-04-25
16,Kenyon Martin,LAC,21:48,2,2,1.000,0,0,,0,2,.000,1,4,5,0,0,1,1,3,4,3.0,-3,2012-04-25
17,Nick Young,LAC,14:47,2,4,.500,1,1,1.000,0,0,,0,0,0,0,0,0,1,2,5,1.2,-21,2012-04-25
18,Reggie Evans,LAC,3:44,1,1,1.000,0,0,,0,0,,0,1,1,0,0,0,0,1,2,1.6,-5,2012-04-25
0,Steve Francis,HOU,44:37,10,16,.625,1,1,1.000,5,8,.625,0,2,2,7,1,0,4,2,26,19.3,-12,2004-01-31
1,Jim Jackson,HOU,41:07,6,12,.500,2,4,.500,1,2,.500,0,4,4,4,1,0,1,5,15,10.6,-8,2004-01-31
2,Cuttino Mobley,HOU,38:42,3,7,.429,2,4,.500,5,6,.833,1,1,2,4,2,0,5,4,13,8.1,-12,2004-01-31
3,Yao Ming,HOU,30:20,2,9,.222,0,0,,5,6,.833,1,5,6,0,0,1,1,0,9,5.0,-3,2004-01-31
4,Kelvin Cato,HOU,25:47,3,5,.600,0,0,,0,2,.000,0,5,5,1,2,0,1,3,6,4.9,-7,2004-01-31
5,Maurice Taylor,HOU,29:50,3,8,.375,0,0,,0,0,,3,5,8,2,0,0,1,2,6,4.8,-9,2004-01-31
6,Mark Jackson,HOU,13:26,0,3,.000,0,1,.000,0,0,,0,0,0,3,0,0,0,1,0,-0.4,+2,2004-01-31
7,Scott Padgett,HOU,9:44,1,3,.333,0,1,.000,0,0,,2,2,4,0,0,1,0,1,2,2.6,-1,2004-01-31
8,Boštjan Nachbar,HOU,3:11,0,0,,0,0,,0,0,,0,0,0,0,0,0,0,2,0,-0.8,0,2004-01-31
9,Clarence Weatherspoon,HOU,2:57,0,1,.000,0,0,,0,0,,0,0,0,0,0,0,0,0,0,-0.7,-3,2004-01-31
10,Mike Wilks,HOU,0:19,0,0,,0,0,,0,0,,0,0,0,0,0,0,0,0,0,0.0,-2,2004-01-31
11,Jason Kidd,NJN,44:15,7,17,.412,2,7,.286,5,5,1.000,2,5,7,11,0,0,5,4,21,15.9,+20,2004-01-31
12,Richard Jefferson,NJN,41:20,6,11,.545,0,0,,5,6,.833,0,2,2,2,0,0,2,2,17,10.5,+6,2004-01-31
13,Kenyon Martin,NJN,41:09,10,18,.556,0,0,,7,7,1.000,1,10,11,1,3,1,2,4,27,22.9,+15,2004-01-31
14,Kerry Kittles,NJN,39:04,3,9,.333,0,3,.000,3,4,.750,0,5,5,1,0,0,1,3,9,3.5,+14,2004-01-31
15,Jason Collins,NJN,31:57,1,5,.200,0,0,,1,2,.500,2,4,6,0,2,0,1,5,3,1.1,+10,2004-01-31
16,Lucious Harris,NJN,15:29,1,1,1.000,0,0,,0,0,,0,1,1,1,1,0,0,2,2,2.9,-4,2004-01-31
17,Rodney Rogers,NJN,12:54,2,5,.400,1,2,.500,2,2,1.000,1,1,2,0,0,0,0,0,7,5.3,-4,2004-01-31
18,Aaron Williams,NJN,11:46,0,1,.000,0,0,,0,0,,1,1,2,1,0,1,0,1,0,1.3,+2,2004-01-31
19,Zoran Planinić,NJN,2:06,1,2,.500,0,1,.000,0,0,,0,0,0,0,0,0,0,0,2,1.0,-4,2004-01-31
0,LeBron James,MIA,38:35,11,20,.550,3,5,.600,6,9,.667,2,8,10,9,3,0,2,0,31,31.3,-17,2012-12-06
1,Dwyane Wade,MIA,31:43,3,13,.231,1,2,.500,6,6,1.000,0,3,3,1,0,0,4,1,13,2.3,-33,2012-12-06
2,Chris Bosh,MIA,29:34,3,12,.250,0,0,,6,6,1.000,1,5,6,1,1,2,1,3,12,7.9,-21,2012-12-06
3,Udonis Haslem,MIA,21:42,5,6,.833,0,0,,0,0,,2,5,7,0,0,0,2,0,10,8.7,-15,2012-12-06
4,Mario Chalmers,MIA,16:57,2,5,.400,0,2,.000,3,4,.750,0,2,2,1,0,0,1,4,7,2.6,-2,2012-12-06
5,Ray Allen,MIA,33:13,4,8,.500,0,3,.000,1,1,1.000,1,5,6,2,1,0,0,3,9,8.4,-15,2012-12-06
6,Mike Miller,MIA,25:41,2,5,.400,2,3,.667,0,0,,0,3,3,1,1,0,0,1,6,5.5,-13,2012-12-06
7,Norris Cole,MIA,15:21,0,3,.000,0,1,.000,0,2,.000,0,1,1,1,1,1,2,2,0,-3.0,+4,2012-12-06
8,Joel Anthony,MIA,13:47,2,4,.500,0,0,,0,0,,1,2,3,0,0,1,1,3,4,1.8,+3,2012-12-06
9,Shane Battier,MIA,8:52,0,0,,0,0,,0,0,,0,1,1,1,0,0,0,4,0,-0.6,+5,2012-12-06
10,Terrel Harris,MIA,2:18,0,0,,0,0,,0,0,,0,1,1,0,0,0,1,0,0,-0.7,+2,2012-12-06
11,James Jones,MIA,2:18,0,0,,0,0,,0,0,,0,0,0,0,0,0,0,0,0,0.0,+2,2012-12-06
12,Raymond Felton,NYK,35:18,10,20,.500,6,10,.600,1,1,1.000,1,3,4,7,2,0,3,0,27,22.5,+19,2012-12-06
13,Jason Kidd,NYK,31:36,4,12,.333,3,8,.375,0,0,,1,1,2,4,2,0,1,4,11,7.4,+31,2012-12-06
14,Tyson Chandler,NYK,31:27,4,7,.571,0,0,,5,8,.625,1,8,9,0,1,1,2,2,13,10.5,+23,2012-12-06
15,Ronnie Brewer,NYK,27:11,0,3,.000,0,1,.000,0,0,,0,1,1,2,1,2,0,1,0,1.6,0,2012-12-06
16,Kurt Thomas,NYK,11:10,2,2,1.000,0,0,,0,0,,3,4,7,1,0,0,0,1,4,7.0,+8,2012-12-06
17,Steve Novak,NYK,34:14,7,13,.538,4,9,.444,0,0,,1,2,3,1,0,0,0,0,18,13.7,+13,2012-12-06
18,J.R. Smith,NYK,22:37,4,15,.267,3,8,.375,2,4,.500,0,6,6,4,1,0,1,4,13,6.3,+7,2012-12-06
19,James White,NYK,16:39,3,3,1.000,1,1,1.000,0,0,,0,1,1,0,0,0,0,4,7,4.8,+1,2012-12-06
20,Rasheed Wallace,NYK,14:15,4,13,.308,0,6,.000,4,6,.667,3,4,7,0,0,1,0,1,12,7.3,-1,2012-12-06
21,Pablo Prigioni,NYK,13:15,3,3,1.000,1,1,1.000,0,0,,1,5,6,1,2,0,0,2,7,10.2,+1,2012-12-06
22,Chris Copeland,NYK,2:18,0,0,,0,0,,0,0,,0,0,0,0,0,0,0,0,0,0.0,-2,2012-12-06
23,Carmelo Anthony,NYK,Did Not Dress,,,,,,,,,,,,,,,,,,,,,2012-12-06
24,Marcus Camby,NYK,Did Not Dress,,,,,,,,,,,,,,,,,,,,,2012-12-06
0,Paul George,LAC,45:31,10,24,.417,2,5,.400,6,7,.857,1,8,9,7,3,1,4,4,28,20.9,+19,2021-06-18
1,Nicolas Batum,LAC,39:45,6,9,.667,4,6,.667,0,0,,3,4,7,2,2,3,1,1,16,19.5,+11,2021-06-18
2,Reggie Jackson,LAC,37:40,10,16,.625,3,7,.429,4,4,1.000,2,1,3,10,3,0,1,3,27,29.3,+15,2021-06-18
3,Terance Mann,LAC,36:27,15,21,.714,7,10,.700,2,2,1.000,1,1,2,1,2,0,0,4,39,32.4,+8,2021-06-18
4,Marcus Morris,LAC,29:25,3,7,.429,1,4,.250,0,0,,0,5,5,2,0,0,0,2,7,5.4,+8,2021-06-18
5,Patrick Beverley,LAC,26:59,3,4,.750,3,4,.750,3,4,.750,3,1,4,4,3,1,0,0,12,18.9,+19,2021-06-18
6,Luke Kennard,LAC,9:16,0,1,.000,0,1,.000,0,0,,0,0,0,0,0,0,0,2,0,-1.5,-5,2021-06-18
7,Rajon Rondo,LAC,6:37,1,3,.333,0,2,.000,0,0,,0,2,2,1,0,0,0,0,2,1.6,-11,2021-06-18
8,Ivica Zubac,LAC,5:52,0,0,,0,0,,0,0,,0,0,0,0,0,1,0,0,0,0.7,-4,2021-06-18
9,Amir Coffey,LAC,0:37,0,0,,0,0,,0,0,,0,0,0,0,0,0,0,0,0,0.0,0,2021-06-18
10,Yogi Ferrell,LAC,0:37,0,0,,0,0,,0,0,,0,0,0,0,0,0,0,0,0,0.0,0,2021-06-18
11,Daniel Oturu,LAC,0:37,0,0,,0,0,,0,0,,0,1,1,0,0,0,0,0,0,0.3,0,2021-06-18
12,Jay Scrubb,LAC,0:37,0,0,,0,0,,0,0,,0,0,0,0,0,0,0,0,0,0.0,0,2021-06-18
13,Rudy Gobert,UTA,42:08,5,6,.833,0,0,,2,4,.500,7,3,10,2,2,0,3,5,12,13.2,-24,2021-06-18
14,Royce O'Neale,UTA,41:32,8,12,.667,4,6,.667,1,1,1.000,4,6,10,1,0,0,1,2,21,19.3,-6,2021-06-18
15,Donovan Mitchell,UTA,40:11,12,27,.444,9,15,.600,6,9,.667,1,8,9,9,1,0,2,3,39,30.9,-9,2021-06-18
16,Bojan Bogdanović,UTA,35:25,5,12,.417,4,8,.500,0,0,,3,1,4,0,0,0,2,3,14,6.8,-3,2021-06-18
17,Mike Conley,UTA,25:57,1,8,.125,1,6,.167,2,2,1.000,1,1,2,3,0,0,6,2,5,-3.9,-8,2021-06-18
18,Jordan Clarkson,UTA,25:50,8,16,.500,2,6,.333,3,3,1.000,0,4,4,2,1,0,1,1,21,15.2,-4,2021-06-18
19,Joe Ingles,UTA,17:51,2,4,.500,1,3,.333,0,0,,0,0,0,2,0,0,0,2,5,3.6,-18,2021-06-18
20,Derrick Favors,UTA,5:52,1,1,1.000,0,0,,0,0,,0,3,3,0,0,0,0,1,2,2.2,+12,2021-06-18
21,Georges Niang,UTA,4:37,0,0,,0,0,,0,0,,0,1,1,0,0,0,0,0,0,0.3,0,2021-06-18
22,Trent Forrest,UTA,0:37,0,0,,0,0,,0,0,,0,0,0,0,0,0,0,0,0,0.0,0,2021-06-18
0,Allan Houston,NYK,39:19,6,16,.375,2,2,1.000,5,6,.833,1,2,3,4,0,0,5,2,19,8.1,-8,1998-05-10
1,Patrick Ewing,NYK,39:19,6,16,.375,0,0,,5,8,.625,2,6,8,4,0,1,3,3,17,9.5,-9,1998-05-10
2,Larry Johnson,NYK,38:48,8,15,.533,0,3,.000,2,3,.667,4,2,6,3,2,0,4,5,18,11.8,-8,1998-05-10
3,Charlie Ward,NYK,32:13,5,8,.625,3,3,1.000,0,0,,1,2,3,4,1,0,1,0,13,13.5,-13,1998-05-10
4,Charles Oakley,NYK,31:42,3,5,.600,0,0,,2,2,1.000,4,6,10,1,2,1,1,5,8,10.7,-11,1998-05-10
5,John Starks,NYK,32:35,7,11,.636,3,5,.600,2,2,1.000,0,4,4,4,0,0,1,5,19,15.1,-7,1998-05-10
6,Chris Childs,NYK,32:04,3,5,.600,1,1,1.000,2,2,1.000,0,3,3,6,0,0,3,4,9,7.2,+2,1998-05-10
7,Chris Mills,NYK,12:00,1,1,1.000,0,0,,0,0,,0,0,0,0,1,0,2,1,2,0.3,+3,1998-05-10
8,Terry Cummings,NYK,6:00,1,3,.333,0,0,,0,0,,1,0,1,1,0,0,0,1,2,1.3,0,1998-05-10
9,Anthony Bowie,NYK,1:00,0,0,,0,0,,0,0,,0,0,0,0,0,0,0,0,0,0.0,-4,1998-05-10
10,Reggie Miller,IND,47:52,10,26,.385,5,13,.385,13,14,.929,0,0,0,1,2,0,1,3,38,23.9,+15,1998-05-10
11,Chris Mullin,IND,46:25,7,12,.583,2,6,.333,2,4,.500,2,3,5,4,5,0,4,0,18,17.7,+19,1998-05-10
12,Mark Jackson,IND,41:53,6,10,.600,3,3,1.000,1,2,.500,1,5,6,15,1,0,2,0,16,22.7,+17,1998-05-10
13,Rik Smits,IND,34:26,11,18,.611,0,0,,1,2,.500,1,7,8,2,0,1,2,5,23,15.3,+17,1998-05-10
14,Dale Davis,IND,29:19,2,4,.500,0,0,,1,2,.500,2,4,6,0,1,0,1,4,5,3.6,-5,1998-05-10
15,Antonio Davis,IND,31:46,1,6,.167,0,0,,4,4,1.000,4,5,9,0,2,2,1,6,6,6.5,+7,1998-05-10
16,Jalen Rose,IND,13:57,2,5,.400,0,1,.000,2,2,1.000,0,2,2,1,0,0,1,1,6,3.2,-9,1998-05-10
17,Travis Best,IND,11:07,1,1,1.000,0,0,,2,2,1.000,0,0,0,0,1,0,2,1,4,2.3,-6,1998-05-10
18,Mark Pope,IND,7:41,1,2,.500,0,0,,0,0,,1,0,1,0,0,0,0,1,2,1.3,+1,1998-05-10
19,Mark West,IND,0:35,0,0,,0,0,,0,0,,0,0,0,0,0,0,0,0,0,0.0,-1,1998-05-10
20,Derrick McKey,IND,Did Not Dress,,,,,,,,,,,,,,,,,,,,,1998-05-10
0,Eddie Jones,MIA,40:55,8,13,.615,4,7,.571,3,3,1.000,1,7,8,4,3,1,1,2,23,24.6,+14,2005-03-25
1,Dwyane Wade,MIA,39:24,12,25,.480,1,1,1.000,10,12,.833,0,7,7,9,2,1,6,3,35,25.4,+8,2005-03-25
2,Shaquille O'Neal,MIA,25:34,12,16,.750,0,0,,1,2,.500,6,2,8,1,1,1,2,4,25,21.8,0,2005-03-25
3,Udonis Haslem,MIA,24:48,2,8,.250,0,0,,2,2,1.000,2,2,4,1,0,0,1,5,6,0.9,-3,2005-03-25
4,Damon Jones,MIA,24:17,0,0,,0,0,,0,0,,0,2,2,3,1,0,0,3,0,2.5,+10,2005-03-25
5,Keyon Dooling,MIA,24:24,4,7,.571,2,3,.667,2,2,1.000,0,2,2,3,0,0,0,3,12,10.2,0,2005-03-25
6,Shandon Anderson,MIA,23:31,5,7,.714,0,0,,0,0,,1,4,5,1,1,0,1,1,10,9.3,+13,2005-03-25
7,Michael Doleac,MIA,22:07,4,7,.571,0,0,,0,0,,2,0,2,2,1,1,0,3,8,8.0,+10,2005-03-25
8,Steve Smith,MIA,15:00,2,6,.333,2,3,.667,0,0,,0,3,3,4,1,0,1,2,6,5.5,-2,2005-03-25
9,Amar'e Stoudemire,PHO,40:55,9,15,.600,0,0,,7,7,1.000,3,4,7,4,0,2,6,4,25,18.0,-6,2005-03-25
10,Shawn Marion,PHO,40:08,5,14,.357,1,3,.333,4,5,.800,2,9,11,1,3,2,2,3,15,12.8,-9,2005-03-25
11,Steve Nash,PHO,36:58,5,8,.625,1,1,1.000,8,8,1.000,1,4,5,14,0,0,3,1,19,23.7,0,2005-03-25
12,Quentin Richardson,PHO,36:36,9,18,.500,4,11,.364,4,5,.800,0,3,3,0,2,1,1,4,26,17.6,-1,2005-03-25
13,Joe Johnson,PHO,32:23,2,8,.250,1,1,1.000,0,0,,2,1,3,2,2,0,1,2,5,3.5,-6,2005-03-25
14,Leandro Barbosa,PHO,19:49,7,10,.700,2,3,.667,2,3,.667,0,1,1,2,0,0,2,3,18,11.9,-10,2005-03-25
15,Jim Jackson,PHO,18:14,2,6,.333,1,3,.333,0,0,,0,1,1,1,0,0,1,1,5,1.2,-13,2005-03-25
16,Walter McCarty,PHO,7:52,0,1,.000,0,1,.000,0,0,,0,1,1,0,0,0,0,1,0,-0.8,-1,2005-03-25
17,Steven Hunter,PHO,7:05,1,1,1.000,0,0,,0,2,.000,0,2,2,0,0,1,0,0,2,2.2,-4,2005-03-25
0,Dwyane Wade,MIA,41:14,8,19,.421,0,0,,5,8,.625,4,2,6,9,2,0,6,3,21,14.2,+5,2005-01-05
1,Damon Jones,MIA,36:54,3,10,.300,2,9,.222,1,1,1.000,0,3,3,6,1,0,1,2,9,7.5,+4,2005-01-05
2,Shaquille O'Neal,MIA,35:18,14,21,.667,0,0,,5,9,.556,5,13,18,2,1,3,3,1,33,30.8,+14,2005-01-05
3,Eddie Jones,MIA,32:52,4,8,.500,0,2,.000,1,1,1.000,0,2,2,2,1,0,0,2,9,7.2,+7,2005-01-05
4,Udonis Haslem,MIA,30:42,5,7,.714,0,0,,0,0,,3,4,7,2,0,1,0,3,10,11.3,+8,2005-01-05
5,Shandon Anderson,MIA,21:54,4,8,.500,0,1,.000,4,4,1.000,1,0,1,2,4,0,1,4,12,11.5,+4,2005-01-05
6,Christian Laettner,MIA,17:18,2,4,.500,0,1,.000,0,0,,0,4,4,1,0,1,0,0,4,4.6,0,2005-01-05
7,Michael Doleac,MIA,12:42,0,1,.000,0,0,,0,0,,1,0,1,0,1,0,0,2,0,0.2,-6,2005-01-05
8,Keyon Dooling,MIA,11:06,2,8,.250,0,0,,0,0,,1,1,2,1,0,0,0,1,4,0.5,+4,2005-01-05
9,Stephon Marbury,NYK,45:33,11,20,.550,0,2,.000,6,9,.667,1,1,2,8,4,0,2,1,28,25.4,-5,2005-01-05
10,Kurt Thomas,NYK,45:04,11,15,.733,0,0,,1,1,1.000,1,11,12,3,1,0,4,3,23,18.8,-3,2005-01-05
11,Allan Houston,NYK,31:42,4,9,.444,2,4,.500,0,0,,0,0,0,2,0,0,2,1,10,4.3,-5,2005-01-05
12,Tim Thomas,NYK,29:37,3,9,.333,1,2,.500,2,2,1.000,1,3,4,0,0,1,1,0,9,5.2,-10,2005-01-05
13,Nazr Mohammed,NYK,28:04,3,7,.429,0,0,,5,8,.625,3,3,6,0,2,1,2,5,11,7.8,-2,2005-01-05
14,Trevor Ariza,NYK,21:32,2,5,.400,0,0,,0,0,,0,1,1,1,1,1,1,2,4,2.2,+2,2005-01-05
15,Jerome Williams,NYK,16:41,3,4,.750,0,0,,0,0,,1,0,1,0,1,0,2,2,6,3.3,-8,2005-01-05
16,Vin Baker,NYK,15:17,1,5,.200,0,0,,1,2,.500,1,3,4,1,0,1,1,5,3,-0.5,-2,2005-01-05
17,Moochie Norris,NYK,6:30,0,1,.000,0,0,,0,0,,0,2,2,0,0,1,0,1,0,0.2,-7,2005-01-05
18,Mike Sweetney,NYK,Did Not Dress,,,,,,,,,,,,,,,,,,,,,2005-01-05
0,Chris Bosh,MIA,37:07,8,11,.727,1,1,1.000,1,4,.250,1,10,11,1,0,1,3,2,18,13.6,+17,2011-12-27
1,Dwyane Wade,MIA,36:06,8,15,.533,0,0,,8,10,.800,0,1,1,8,2,4,3,1,24,23.2,+21,2011-12-27
2,LeBron James,MIA,36:00,9,14,.643,0,0,,8,9,.889,1,5,6,5,2,1,3,3,26,23.6,-7,2011-12-27
3,Joel Anthony,MIA,20:24,2,2,1.000,0,0,,0,0,,1,1,2,0,1,2,1,4,4,4.2,+8,2011-12-27
4,Mario Chalmers,MIA,18:53,1,1,1.000,1,1,1.000,1,2,.500,0,2,2,3,5,0,6,4,4,3.4,+8,2011-12-27
5,Udonis Haslem,MIA,31:18,1,9,.111,0,0,,2,2,1.000,2,10,12,0,0,0,0,4,4,0.9,-5,2011-12-27
6,Norris Cole,MIA,29:07,8,16,.500,0,3,.000,4,6,.667,1,3,4,4,3,0,3,2,20,14.8,0,2011-12-27
7,Shane Battier,MIA,17:19,1,2,.500,1,2,.500,1,2,.500,0,0,0,1,2,0,1,2,4,3.5,+1,2011-12-27
8,James Jones,MIA,7:29,3,3,1.000,3,3,1.000,0,0,,0,0,0,0,0,0,0,0,9,8.1,+1,2011-12-27
9,Juwan Howard,MIA,6:17,1,2,.500,0,0,,0,0,,0,0,0,0,1,0,0,0,2,2.0,-4,2011-12-27
10,Rajon Rondo,BOS,44:09,7,15,.467,1,3,.333,7,11,.636,1,7,8,12,0,0,7,3,22,15.7,-5,2011-12-27
11,Ray Allen,BOS,40:14,8,12,.667,6,8,.750,6,6,1.000,0,3,3,4,2,0,3,2,28,24.7,-12,2011-12-27
12,Kevin Garnett,BOS,32:34,6,12,.500,0,0,,0,0,,0,5,5,2,3,1,3,1,12,9.2,-12,2011-12-27
13,Jermaine O'Neal,BOS,21:54,0,1,.000,0,0,,0,0,,0,1,1,0,1,0,1,4,0,-2.0,-5,2011-12-27
14,Sasha Pavlović,BOS,13:11,2,4,.500,1,2,.500,0,0,,0,0,0,0,0,0,2,4,5,-0.6,-6,2011-12-27
15,Brandon Bass,BOS,32:29,5,10,.500,0,0,,3,5,.600,1,4,5,1,0,2,2,3,13,8.0,+1,2011-12-27
16,Keyon Dooling,BOS,23:40,5,10,.500,4,6,.667,4,4,1.000,0,0,0,0,1,0,3,4,18,9.4,+12,2011-12-27
17,Marquis Daniels,BOS,18:55,4,8,.500,0,0,,1,1,1.000,1,2,3,1,2,0,2,5,9,5.0,-10,2011-12-27
18,Chris Wilcox,BOS,9:03,0,0,,0,0,,0,0,,1,2,3,0,0,0,1,0,0,0.3,0,2011-12-27
19,Avery Bradley,BOS,3:51,0,0,,0,0,,0,0,,0,0,0,0,0,0,0,1,0,-0.4,-3,2011-12-27
0,Dwyane Wade,MIA,33:37,13,21,.619,1,1,1.000,7,8,.875,2,5,7,5,3,0,4,4,34,27.9,+17,2011-01-31
1,LeBron James,MIA,31:22,7,14,.500,0,0,,10,11,.909,1,3,4,8,0,2,2,1,24,22.8,+20,2011-01-31
2,Chris Bosh,MIA,25:24,4,11,.364,0,0,,2,4,.500,1,6,7,0,0,2,1,3,10,4.8,+16,2011-01-31
3,Mario Chalmers,MIA,22:09,2,5,.400,2,5,.400,0,0,,1,3,4,1,2,0,3,2,6,3.8,+5,2011-01-31
4,Zydrunas Ilgauskas,MIA,18:24,5,14,.357,0,0,,2,2,1.000,9,5,14,0,0,1,1,3,12,10.5,+10,2011-01-31
5,Mike Miller,MIA,27:14,4,6,.667,2,3,.667,0,0,,2,9,11,1,0,0,0,1,10,11.8,+20,2011-01-31
6,Eddie House,MIA,25:58,5,10,.500,2,6,.333,0,0,,0,1,1,4,0,0,0,3,12,8.9,+21,2011-01-31
7,Joel Anthony,MIA,25:02,0,0,,0,0,,0,0,,0,0,0,0,0,1,0,2,0,-0.1,+19,2011-01-31
8,James Jones,MIA,16:05,1,3,.333,1,2,.500,1,1,1.000,0,1,1,0,1,0,0,0,4,3.6,+13,2011-01-31
9,Juwan Howard,MIA,5:37,1,2,.500,0,0,,1,2,.500,0,0,0,0,1,0,1,0,3,1.6,-2,2011-01-31
10,Carlos Arroyo,MIA,4:34,1,2,.500,0,1,.000,0,0,,0,0,0,0,0,0,1,1,2,-0.4,-2,2011-01-31
11,Erick Dampier,MIA,4:34,0,0,,0,0,,0,0,,0,1,1,0,0,0,0,0,0,0.3,-2,2011-01-31
12,Manny Harris,CLE,33:58,6,14,.429,1,4,.250,7,7,1.000,2,3,5,0,1,0,1,2,20,14.1,-8,2011-01-31
13,J.J. Hickson,CLE,33:25,6,15,.400,0,0,,2,4,.500,3,7,10,2,2,1,1,4,14,10.8,-12,2011-01-31
14,Ramon Sessions,CLE,32:23,3,10,.300,0,0,,5,6,.833,1,2,3,7,0,0,3,2,11,7.2,-25,2011-01-31
15,Christian Eyenga,CLE,29:55,3,6,.500,1,3,.333,1,2,.500,2,2,4,2,3,2,3,2,8,8.6,-1,2011-01-31
16,Antawn Jamison,CLE,29:35,7,20,.350,1,3,.333,6,6,1.000,4,6,10,1,1,0,2,2,21,13.3,-13,2011-01-31
17,Samardo Samuels,CLE,22:18,1,3,.333,0,0,,1,2,.500,2,1,3,0,0,1,3,4,3,-1.3,-25,2011-01-31
18,Anthony Parker,CLE,21:07,2,5,.400,1,2,.500,0,0,,0,2,2,1,1,0,0,0,5,4.6,-20,2011-01-31
19,Joey Graham,CLE,18:36,2,4,.500,0,1,.000,0,0,,0,4,4,1,0,0,1,3,4,1.7,-19,2011-01-31
20,Ryan Hollins,CLE,10:06,1,2,.500,0,0,,0,0,,0,0,0,0,0,0,1,2,2,-0.8,-4,2011-01-31
21,Alonzo Gee,CLE,8:37,1,3,.333,0,0,,0,0,,0,0,0,0,0,0,0,1,2,-0.1,-8,2011-01-31
22,Daniel Gibson,CLE,Did Not Dress,,,,,,,,,,,,,,,,,,,,,2011-01-31
0,Pau Gasol,LAL,41:18,6,14,.429,0,0,,5,6,.833,5,8,13,9,1,3,2,2,17,21.7,+20,2010-06-15
1,Kobe Bryant,LAL,39:37,9,19,.474,1,4,.250,7,7,1.000,3,8,11,3,4,0,2,2,26,24.1,+15,2010-06-15
2,Metta World Peace,LAL,32:05,6,11,.545,3,6,.500,0,0,,0,6,6,0,0,1,2,3,15,9.0,+26,2010-06-15
3,Andrew Bynum,LAL,15:53,1,4,.250,0,0,,0,0,,3,1,4,0,1,1,0,1,2,3.3,+9,2010-06-15
4,Derek Fisher,LAL,15:20,1,1,1.000,0,0,,2,2,1.000,0,2,2,0,2,0,3,4,4,1.7,+1,2010-06-15
5,Lamar Odom,LAL,28:26,3,9,.333,0,2,.000,2,2,1.000,1,9,10,1,1,2,1,2,8,7.6,+14,2010-06-15
6,Shannon Brown,LAL,19:24,2,4,.500,0,1,.000,0,0,,0,2,2,2,0,0,0,1,4,3.6,+8,2010-06-15
7,Jordan Farmar,LAL,17:27,2,6,.333,0,1,.000,0,0,,0,1,1,1,3,0,2,0,4,2.6,+9,2010-06-15
8,Sasha Vujačić,LAL,14:21,3,6,.500,2,4,.500,1,2,.500,0,1,1,1,1,0,1,1,9,6.2,+10,2010-06-15
9,Josh Powell,LAL,7:41,0,2,.000,0,1,.000,0,0,,0,1,1,0,0,0,0,0,0,-1.1,+2,2010-06-15
10,Luke Walton,LAL,5:46,0,2,.000,0,0,,0,0,,0,0,0,0,0,1,0,0,0,-0.7,-3,2010-06-15
11,D.J. Mbenga,LAL,2:42,0,1,.000,0,0,,0,0,,0,1,1,0,0,0,0,1,0,-0.8,-1,2010-06-15
12,Ray Allen,BOS,36:02,7,14,.500,2,5,.400,3,3,1.000,2,0,2,3,0,0,0,2,19,14.7,-18,2010-06-15
13,Paul Pierce,BOS,34:17,6,14,.429,1,4,.250,0,0,,1,3,4,2,1,0,5,1,13,4.2,-26,2010-06-15
14,Rajon Rondo,BOS,33:10,5,15,.333,0,1,.000,0,2,.000,1,4,5,6,2,0,3,1,10,5.4,-18,2010-06-15
15,Kevin Garnett,BOS,31:00,6,14,.429,0,1,.000,0,0,,0,6,6,3,1,0,0,3,12,8.3,-18,2010-06-15
16,Kendrick Perkins,BOS,6:30,0,1,.000,0,0,,0,0,,0,1,1,0,0,0,1,1,0,-1.8,-6,2010-06-15
17,Glen Davis,BOS,27:02,0,3,.000,0,0,,0,2,.000,4,5,9,0,1,2,0,3,0,2.6,-16,2010-06-15
18,Rasheed Wallace,BOS,17:22,0,7,.000,0,6,.000,0,0,,0,3,3,0,0,0,0,4,0,-5.6,-11,2010-06-15
19,Tony Allen,BOS,17:18,1,4,.250,0,0,,0,0,,1,0,1,0,3,2,0,3,2,3.5,-10,2010-06-15
20,Nate Robinson,BOS,15:38,2,8,.250,1,4,.250,1,1,1.000,1,3,4,3,0,0,2,0,6,2.9,-1,2010-06-15
21,Shelden Williams,BOS,14:06,0,1,.000,0,0,,0,0,,0,3,3,0,0,0,2,2,0,-2.6,+7,2010-06-15
22,Marquis Daniels,BOS,4:14,1,2,.500,1,1,1.000,2,2,1.000,1,0,1,0,0,0,1,1,5,3.3,+3,2010-06-15
23,Michael Finley,BOS,3:21,0,1,.000,0,1,.000,0,0,,0,0,0,0,0,0,0,0,0,-0.7,+4,2010-06-15
