,player,season,season_type,age,team_id,lg_id,pos,g,gs,mp,fg,fga,fg_pct,fg3,fg3a,fg3_pct,fg2,fg2a,fg2_pct,efg_pct,ft,fta,ft_pct,orb,drb,trb,ast,stl,blk,tov,pf,pts,DUMMY,trp_dbl
0,Dwayne Wade,2003-04,playoff,22,MIA,NBA,PG,13,13,510,86,189,.455,3,8,.375,83,181,.459,.463,59,75,.787,16,36,52,73,17,4,54,45,234,,
1,Dwayne Wade,2004-05,playoff,23,MIA,NBA,SG,14,14,571,136,281,.484,1,10,.100,135,271,.498,.486,111,139,.799,23,57,80,93,22,16,62,43,384,,
2,Dwayne Wade,2005-06,playoff,24,MIA,NBA,SG,23,23,959,219,441,.497,14,37,.378,205,404,.507,.512,202,250,.808,28,107,135,132,51,26,90,71,654,,
3,Dwayne Wade,2006-07,playoff,25,MIA,NBA,SG,4,4,162,36,84,.429,0,5,.000,36,79,.456,.429,22,32,.688,7,12,19,25,5,2,23,13,94,,
4,Dwayne Wade,2008-09,playoff,27,MIA,NBA,SG,7,7,285,68,155,.439,18,50,.360,50,105,.476,.497,50,58,.862,4,31,35,37,6,11,25,20,204,,
5,Dwayne Wade,2009-10,playoff,28,MIA,NBA,SG,5,5,210,62,110,.564,15,37,.405,47,73,.644,.632,27,40,.675,6,22,28,34,8,8,26,16,166,,
6,Dwayne Wade,2010-11,playoff,29,MIA,NBA,SG,21,21,828,181,373,.485,14,52,.269,167,321,.520,.504,139,179,.777,43,107,150,92,34,28,64,53,515,,
7,Dwayne Wade,2011-12,playoff,30,MIA,NBA,SG,23,23,907,197,426,.462,10,34,.294,187,392,.477,.474,121,166,.729,32,88,120,100,39,30,68,65,525,,
8,Dwayne Wade,2012-13,playoff,31,MIA,NBA,SG,22,22,782,144,315,.457,1,4,.250,143,311,.460,.459,60,80,.750,38,64,102,105,38,23,58,45,349,,
9,Dwayne Wade,2013-14,playoff,32,MIA,NBA,SG,20,20,693,139,278,.500,9,24,.375,130,254,.512,.516,69,90,.767,16,61,77,77,30,5,54,55,356,,
10,Dwayne Wade,2015-16,playoff,34,MIA,NBA,SG,14,14,473,119,254,.469,12,23,.522,107,231,.463,.492,50,64,.781,12,67,79,60,11,13,38,22,300,,
11,Dwayne Wade,2016-17,playoff,35,CHI,NBA,SG,6,6,190,32,86,.372,6,17,.353,26,69,.377,.407,20,21,.952,6,24,30,24,5,8,10,8,90,,
12,Dwayne Wade,2017-18,playoff,36,MIA,NBA,SG,5,0,127,31,70,.443,0,4,.000,31,66,.470,.443,21,26,.808,3,18,21,18,7,1,11,11,83,,
13,Dwayne Wade,2003-04,regular,22,MIA,NBA,PG,61,56,2126,371,798,.465,16,53,.302,355,745,.477,.475,233,312,.747,85,162,247,275,86,34,196,140,991,,0
14,Dwayne Wade,2004-05,regular,23,MIA,NBA,SG,77,77,2974,630,1318,.478,13,45,.289,617,1273,.485,.483,581,762,.762,110,287,397,520,121,82,321,230,1854,,1
15,Dwayne Wade,2005-06,regular,24,MIA,NBA,SG,75,75,2892,699,1413,.495,13,76,.171,686,1337,.513,.499,629,803,.783,107,323,430,503,146,58,268,217,2040,,2
16,Dwayne Wade,2006-07,regular,25,MIA,NBA,SG,51,50,1931,472,962,.491,21,79,.266,451,883,.511,.502,432,535,.807,51,188,239,384,107,62,216,117,1397,,0
17,Dwayne Wade,2007-08,regular,26,MIA,NBA,SG,51,49,1954,439,937,.469,22,77,.286,417,860,.485,.480,354,467,.758,45,169,214,354,87,37,224,137,1254,,0
18,Dwayne Wade,2008-09,regular,27,MIA,NBA,SG,79,79,3048,854,1739,.491,88,278,.317,766,1461,.524,.516,590,771,.765,89,309,398,589,173,106,272,178,2386,,0
19,Dwayne Wade,2009-10,regular,28,MIA,NBA,SG,77,77,2792,719,1511,.476,73,243,.300,646,1268,.509,.500,534,702,.761,107,266,373,501,142,82,252,181,2045,,0
20,Dwayne Wade,2010-11,regular,29,MIA,NBA,SG,76,76,2823,692,1384,.500,63,206,.306,629,1178,.534,.523,494,652,.758,123,362,485,346,111,87,237,197,1941,,1
21,Dwayne Wade,2011-12,regular,30,MIA,NBA,SG,49,49,1625,416,837,.497,15,56,.268,401,781,.513,.506,235,297,.791,73,164,237,225,82,63,129,110,1082,,0
22,Dwayne Wade,2012-13,regular,31,MIA,NBA,SG,69,69,2391,569,1093,.521,17,66,.258,552,1027,.537,.528,308,425,.725,86,258,344,352,128,56,194,140,1463,,0
23,Dwayne Wade,2013-14,regular,32,MIA,NBA,SG,54,53,1775,415,761,.545,9,32,.281,406,729,.557,.551,189,258,.733,60,181,241,252,79,29,161,106,1028,,0
24,Dwayne Wade,2014-15,regular,33,MIA,NBA,SG,62,62,1971,509,1084,.470,29,102,.284,480,982,.489,.483,284,370,.768,58,161,219,299,73,21,209,105,1331,,0
25,Dwayne Wade,2015-16,regular,34,MIA,NBA,SG,74,73,2258,540,1183,.456,7,44,.159,533,1139,.468,.459,322,406,.793,82,220,302,344,79,42,203,116,1409,,0
26,Dwayne Wade,2016-17,regular,35,CHI,NBA,SG,60,59,1792,414,955,.434,45,145,.310,369,810,.456,.457,223,281,.794,63,207,270,228,86,41,138,112,1096,,0
27,Dwayne Wade,2017-18,regular,36,TOT,NBA,SG,67,3,1536,299,682,.438,32,111,.288,267,571,.468,.462,135,189,.714,50,202,252,228,61,47,140,124,765,,0
28,Dwayne Wade,2017-18,regular,36,CLE,NBA,SG,46,3,1069,198,435,.455,23,70,.329,175,365,.479,.482,94,134,.701,39,142,181,163,42,32,92,84,513,,0
29,Dwayne Wade,2017-18,regular,36,MIA,NBA,SG,21,0,467,101,247,.409,9,41,.220,92,206,.447,.427,41,55,.745,11,60,71,65,19,15,48,40,252,,0
30,Dwayne Wade,2018-19,regular,37,MIA,NBA,SG,72,2,1885,416,960,.433,86,261,.330,330,699,.472,.478,165,233,.708,69,216,285,301,59,38,166,118,1083,,1
31,Kobe Bryant,1996-97,playoff,18,LAL,NBA,SF,9,0,133,21,55,.382,6,23,.261,15,32,.469,.436,26,30,.867,1,10,11,11,3,2,14,23,74,,
32,Kobe Bryant,1997-98,playoff,19,LAL,NBA,SF,11,0,220,31,76,.408,3,14,.214,28,62,.452,.428,31,45,.689,7,14,21,16,3,8,11,28,96,,
33,Kobe Bryant,1998-99,playoff,20,LAL,NBA,SG,8,8,315,61,142,.430,8,23,.348,53,119,.445,.458,28,35,.800,13,42,55,37,15,10,31,24,158,,
34,Kobe Bryant,1999-00,playoff,21,LAL,NBA,SG,22,22,857,174,394,.442,22,64,.344,152,330,.461,.470,95,126,.754,26,72,98,97,32,32,55,89,465,,
35,Kobe Bryant,2000-01,playoff,22,LAL,NBA,SG,16,16,694,168,358,.469,11,34,.324,157,324,.485,.485,124,151,.821,29,87,116,97,25,12,51,53,471,,
36,Kobe Bryant,2001-02,playoff,23,LAL,NBA,SG,19,19,833,187,431,.434,22,58,.379,165,373,.442,.459,110,145,.759,28,83,111,87,27,17,54,65,506,,
37,Kobe Bryant,2002-03,playoff,24,LAL,NBA,SG,12,12,531,137,317,.432,25,62,.403,112,255,.439,.472,86,104,.827,16,45,61,62,14,1,42,35,385,,
38,Kobe Bryant,2003-04,playoff,25,LAL,NBA,SG,22,22,973,190,460,.413,24,97,.247,166,363,.457,.439,135,166,.813,18,86,104,121,42,7,61,59,539,,
39,Kobe Bryant,2005-06,playoff,27,LAL,NBA,SG,7,7,314,72,145,.497,14,35,.400,58,110,.527,.545,37,48,.771,4,40,44,36,8,3,33,25,195,,
40,Kobe Bryant,2006-07,playoff,28,LAL,NBA,SG,5,5,215,60,130,.462,10,28,.357,50,102,.490,.500,34,37,.919,1,25,26,22,5,2,22,10,164,,
41,Kobe Bryant,2007-08,playoff,29,LAL,NBA,SG,21,21,863,222,463,.479,32,106,.302,190,357,.532,.514,157,194,.809,18,101,119,117,35,8,70,59,633,,
42,Kobe Bryant,2008-09,playoff,30,LAL,NBA,SG,23,23,940,242,530,.457,37,106,.349,205,424,.483,.492,174,197,.883,19,104,123,126,38,21,59,59,695,,
43,Kobe Bryant,2009-10,playoff,31,LAL,NBA,SG,23,23,923,234,511,.458,49,131,.374,185,380,.487,.506,154,183,.842,26,112,138,126,31,16,79,75,671,,
44,Kobe Bryant,2010-11,playoff,32,LAL,NBA,SG,10,10,354,83,186,.446,12,41,.293,71,145,.490,.478,50,61,.820,8,26,34,33,16,3,31,23,228,,
45,Kobe Bryant,2011-12,playoff,33,LAL,NBA,SG,12,12,476,132,301,.439,17,60,.283,115,241,.477,.467,79,95,.832,16,42,58,52,16,2,34,33,360,,
46,Kobe Bryant,1996-97,regular,18,LAL,NBA,SF,71,6,1103,176,422,.417,51,136,.375,125,286,.437,.477,136,166,.819,47,85,132,91,49,23,112,102,539,,0
47,Kobe Bryant,1997-98,regular,19,LAL,NBA,SF,79,1,2056,391,913,.428,75,220,.341,316,693,.456,.469,363,457,.794,79,163,242,199,74,40,157,180,1220,,0
48,Kobe Bryant,1998-99,regular,20,LAL,NBA,SG,50,50,1896,362,779,.465,27,101,.267,335,678,.494,.482,245,292,.839,53,211,264,190,72,50,157,153,996,,0
49,Kobe Bryant,1999-00,regular,21,LAL,NBA,SG,66,62,2524,554,1183,.468,46,144,.319,508,1039,.489,.488,331,403,.821,108,308,416,323,106,62,182,220,1485,,0
50,Kobe Bryant,2000-01,regular,22,LAL,NBA,SG,68,68,2783,701,1510,.464,61,200,.305,640,1310,.489,.484,475,557,.853,104,295,399,338,114,43,220,222,1938,,2
51,Kobe Bryant,2001-02,regular,23,LAL,NBA,SG,80,80,3063,749,1597,.469,33,132,.250,716,1465,.489,.479,488,589,.829,112,329,441,438,118,35,223,228,2019,,1
52,Kobe Bryant,2002-03,regular,24,LAL,NBA,SG,82,82,3401,868,1924,.451,124,324,.383,744,1600,.465,.483,601,713,.843,106,458,564,481,181,67,288,218,2461,,5
53,Kobe Bryant,2003-04,regular,25,LAL,NBA,SG,65,64,2447,516,1178,.438,71,217,.327,445,961,.463,.468,454,533,.852,103,256,359,330,112,28,171,176,1557,,1
54,Kobe Bryant,2004-05,regular,26,LAL,NBA,SG,66,66,2689,573,1324,.433,131,387,.339,442,937,.472,.482,542,664,.816,95,297,392,398,86,53,270,174,1819,,5
55,Kobe Bryant,2005-06,regular,27,LAL,NBA,SG,80,80,3277,978,2173,.450,180,518,.347,798,1655,.482,.491,696,819,.850,71,354,425,360,147,30,250,233,2832,,0
56,Kobe Bryant,2006-07,regular,28,LAL,NBA,SG,77,77,3140,813,1757,.463,137,398,.344,676,1359,.497,.502,667,768,.868,75,364,439,413,111,36,255,205,2430,,0
57,Kobe Bryant,2007-08,regular,29,LAL,NBA,SG,82,82,3192,775,1690,.459,150,415,.361,625,1275,.490,.503,623,742,.840,94,423,517,441,151,40,257,227,2323,,0
58,Kobe Bryant,2008-09,regular,30,LAL,NBA,SG,82,82,2960,800,1712,.467,118,336,.351,682,1376,.496,.502,483,564,.856,90,339,429,399,120,37,210,189,2201,,2
59,Kobe Bryant,2009-10,regular,31,LAL,NBA,SG,73,73,2835,716,1569,.456,99,301,.329,617,1268,.487,.488,439,541,.811,78,313,391,365,113,20,233,187,1970,,0
60,Kobe Bryant,2010-11,regular,32,LAL,NBA,SG,82,82,2779,740,1639,.451,115,356,.323,625,1283,.487,.487,483,583,.828,83,336,419,388,99,12,243,172,2078,,1
61,Kobe Bryant,2011-12,regular,33,LAL,NBA,SG,58,58,2232,574,1336,.430,87,287,.303,487,1049,.464,.462,381,451,.845,66,247,313,264,69,18,204,105,1616,,0
62,Kobe Bryant,2012-13,regular,34,LAL,NBA,SG,78,78,3013,738,1595,.463,132,407,.324,606,1188,.510,.504,525,626,.839,66,367,433,469,106,25,287,173,2133,,2
63,Kobe Bryant,2013-14,regular,35,LAL,NBA,SG,6,6,177,31,73,.425,3,16,.188,28,57,.491,.445,18,21,.857,2,24,26,38,7,1,34,9,83,,0
64,Kobe Bryant,2014-15,regular,36,LAL,NBA,SG,35,35,1207,266,713,.373,54,184,.293,212,529,.401,.411,196,241,.813,26,173,199,197,47,7,128,65,782,,2
65,Kobe Bryant,2015-16,regular,37,LAL,NBA,SF,66,66,1863,398,1113,.358,133,467,.285,265,646,.410,.417,232,281,.826,41,206,247,184,62,13,129,115,1161,,0
66,Lamar Odom,2003-04,playoff,24,MIA,NBA,PF,13,13,512,81,182,.445,8,26,.308,73,156,.468,.467,49,72,.681,32,76,108,37,15,10,42,58,219,,
67,Lamar Odom,2005-06,playoff,26,LAL,NBA,PF,7,7,314,49,99,.495,6,30,.200,43,69,.623,.525,30,45,.667,15,62,77,34,3,8,23,23,134,,
68,Lamar Odom,2006-07,playoff,27,LAL,NBA,PF,5,5,192,41,85,.482,3,11,.273,38,74,.514,.500,12,24,.500,20,45,65,11,2,6,10,17,97,,
69,Lamar Odom,2007-08,playoff,28,LAL,NBA,PF,21,21,786,107,218,.491,3,11,.273,104,207,.502,.498,84,127,.661,47,162,209,62,14,27,47,72,301,,
70,Lamar Odom,2008-09,playoff,29,LAL,NBA,PF,23,5,735,108,206,.524,18,35,.514,90,171,.526,.568,49,80,.613,64,146,210,42,16,31,39,75,283,,
71,Lamar Odom,2009-10,playoff,30,LAL,NBA,PF,23,0,667,91,194,.469,10,41,.244,81,153,.529,.495,30,50,.600,60,138,198,46,15,21,28,84,222,,
72,Lamar Odom,2010-11,playoff,31,LAL,NBA,PF,10,1,286,45,98,.459,4,20,.200,41,78,.526,.480,27,38,.711,13,52,65,21,2,4,15,25,121,,
73,Lamar Odom,2012-13,playoff,33,LAC,NBA,PF,6,1,107,11,30,.367,5,14,.357,6,16,.375,.450,3,6,.500,4,19,23,11,5,5,10,16,30,,
74,Lamar Odom,1999-00,regular,20,LAC,NBA,SF,76,70,2767,449,1024,.438,59,164,.360,390,860,.453,.467,302,420,.719,159,436,595,317,91,95,258,291,1259,,3
75,Lamar Odom,2000-01,regular,21,LAC,NBA,PF,76,74,2836,481,1046,.460,80,253,.316,401,793,.506,.498,262,386,.679,110,482,592,392,74,122,264,236,1304,,4
76,Lamar Odom,2001-02,regular,22,LAC,NBA,SF,29,25,999,151,360,.419,16,84,.190,135,276,.489,.442,61,93,.656,31,145,176,171,23,36,97,91,379,,0
77,Lamar Odom,2002-03,regular,23,LAC,NBA,SF,49,47,1679,268,611,.439,42,129,.326,226,482,.469,.473,136,175,.777,59,267,326,178,42,41,140,181,714,,0
78,Lamar Odom,2003-04,regular,24,MIA,NBA,PF,80,80,3003,485,1127,.430,61,205,.298,424,922,.460,.457,340,458,.742,160,616,776,327,85,71,236,273,1371,,1
79,Lamar Odom,2004-05,regular,25,LAL,NBA,PF,64,64,2320,366,774,.473,36,117,.308,330,657,.502,.496,207,298,.695,134,519,653,238,42,65,161,211,975,,0
80,Lamar Odom,2005-06,regular,26,LAL,NBA,PF,80,80,3221,445,925,.481,80,215,.372,365,710,.514,.524,216,313,.690,181,557,738,443,75,64,213,256,1186,,2
81,Lamar Odom,2006-07,regular,27,LAL,NBA,PF,56,56,2202,319,681,.468,54,182,.297,265,499,.531,.508,198,283,.700,102,445,547,270,53,32,163,182,890,,1
82,Lamar Odom,2007-08,regular,28,LAL,NBA,PF,77,77,2921,417,795,.525,31,113,.274,386,682,.566,.544,229,328,.698,197,622,819,273,75,72,156,222,1094,,1
83,Lamar Odom,2008-09,regular,29,LAL,NBA,PF,78,32,2316,346,703,.492,33,103,.320,313,600,.522,.516,160,257,.623,176,461,637,204,77,98,138,235,885,,0
84,Lamar Odom,2009-10,regular,30,LAL,NBA,PF,82,38,2585,342,739,.463,58,182,.319,284,557,.510,.502,140,202,.693,184,618,802,267,75,59,150,227,882,,0
85,Lamar Odom,2010-11,regular,31,LAL,NBA,PF,82,35,2639,473,893,.530,68,178,.382,405,715,.566,.568,166,246,.675,175,535,710,249,47,61,139,200,1180,,0
86,Lamar Odom,2011-12,regular,32,DAL,NBA,SF,50,4,1027,123,349,.352,28,111,.252,95,238,.399,.393,58,98,.592,36,172,208,83,20,18,52,97,332,,0
87,Lamar Odom,2012-13,regular,33,LAC,NBA,PF,82,2,1616,146,366,.399,18,90,.200,128,276,.464,.423,20,42,.476,117,363,480,142,69,58,86,214,330,,0
88,Pau Gasol,2003-04,playoff,23,MEM,NBA,PF,4,4,134,28,49,.571,0,0,,28,49,.571,.571,18,20,.900,4,16,20,10,4,6,5,10,74,,0
89,Pau Gasol,2004-05,playoff,24,MEM,NBA,PF,4,4,133,39,80,.488,1,1,1.000,38,79,.481,.494,6,12,.500,15,15,30,10,2,7,7,12,85,,0
90,Pau Gasol,2005-06,playoff,25,MEM,NBA,PF,4,4,158,29,67,.433,0,1,.000,29,66,.439,.433,23,30,.767,4,23,27,12,2,5,11,11,81,,0
91,Pau Gasol,2007-08,playoff,27,LAL,NBA,C,21,21,836,141,266,.530,0,0,,141,266,.530,.530,72,104,.692,55,140,195,83,11,40,44,60,354,,0
92,Pau Gasol,2008-09,playoff,28,LAL,NBA,C,23,23,931,160,276,.580,0,0,,160,276,.580,.580,100,140,.714,68,181,249,58,19,45,44,69,420,,0
93,Pau Gasol,2009-10,playoff,29,LAL,NBA,C,23,23,913,165,306,.539,0,3,.000,165,303,.545,.539,120,158,.759,92,163,255,81,9,48,44,63,450,,0
94,Pau Gasol,2010-11,playoff,30,LAL,NBA,C,10,10,358,47,112,.420,1,2,.500,46,110,.418,.424,36,45,.800,32,46,78,38,4,17,17,33,131,,0
95,Pau Gasol,2011-12,playoff,31,LAL,NBA,PF,12,12,444,62,143,.434,2,5,.400,60,138,.435,.441,24,29,.828,38,76,114,44,6,25,20,36,150,,0
96,Pau Gasol,2012-13,playoff,32,LAL,NBA,PF,4,4,146,25,52,.481,0,0,,25,52,.481,.481,6,11,.545,7,39,46,26,2,3,13,4,56,,1
97,Pau Gasol,2014-15,playoff,34,CHI,NBA,PF,10,10,317,56,115,.487,0,4,.000,56,111,.505,.487,32,42,.762,17,77,94,31,5,21,21,18,144,,0
98,Pau Gasol,2016-17,playoff,36,SAS,NBA,C,16,7,365,50,114,.439,6,18,.333,44,96,.458,.465,17,24,.708,39,75,114,31,7,15,18,35,123,,0
99,Pau Gasol,2017-18,playoff,37,SAS,NBA,C,5,0,90,10,20,.500,1,3,.333,9,17,.529,.525,9,10,.900,2,22,24,14,0,1,6,5,30,,0
100,Pau Gasol,2001-02,regular,21,MEM,NBA,PF,82,79,3007,551,1064,.518,1,5,.200,550,1059,.519,.518,338,477,.709,238,492,730,223,41,169,224,195,1441,,0
101,Pau Gasol,2002-03,regular,22,MEM,NBA,PF,82,82,2948,569,1116,.510,1,10,.100,568,1106,.514,.510,416,565,.736,192,528,720,229,34,148,213,220,1555,,0
102,Pau Gasol,2003-04,regular,23,MEM,NBA,PF,78,78,2458,506,1049,.482,4,15,.267,502,1034,.485,.484,365,511,.714,206,394,600,198,44,132,187,185,1381,,0
103,Pau Gasol,2004-05,regular,24,MEM,NBA,PF,56,53,1790,357,695,.514,1,6,.167,356,689,.517,.514,282,367,.768,130,280,410,135,37,93,137,146,997,,0
104,Pau Gasol,2005-06,regular,25,MEM,NBA,PF,80,80,3135,600,1194,.503,3,12,.250,597,1182,.505,.504,425,617,.689,191,522,713,371,46,153,235,184,1628,,1
105,Pau Gasol,2006-07,regular,26,MEM,NBA,C,59,59,2133,462,858,.538,3,11,.273,459,847,.542,.540,299,400,.748,149,432,581,201,29,126,162,137,1226,,1
106,Pau Gasol,2007-08,regular,27,TOT,NBA,C,66,66,2351,475,890,.534,4,16,.250,471,874,.539,.536,292,362,.807,155,398,553,211,30,98,124,139,1246,,0
107,Pau Gasol,2007-08,regular,27,MEM,NBA,C,39,39,1433,279,557,.501,4,15,.267,275,542,.507,.504,176,215,.819,94,248,342,116,16,56,80,85,738,,0
108,Pau Gasol,2007-08,regular,27,LAL,NBA,C,27,27,918,196,333,.589,0,1,.000,196,332,.590,.589,116,147,.789,61,150,211,95,14,42,44,54,508,,0
109,Pau Gasol,2008-09,regular,28,LAL,NBA,C,81,81,2999,592,1045,.567,1,2,.500,591,1043,.567,.567,343,439,.781,262,518,780,284,52,81,157,172,1528,,1
110,Pau Gasol,2009-10,regular,29,LAL,NBA,C,65,65,2403,452,844,.536,0,5,.000,452,839,.539,.536,286,362,.790,243,491,734,218,37,113,143,152,1190,,0
111,Pau Gasol,2010-11,regular,30,LAL,NBA,C,82,82,3037,593,1120,.529,1,3,.333,592,1117,.530,.530,354,430,.823,268,568,836,273,48,130,142,203,1541,,1
112,Pau Gasol,2011-12,regular,31,LAL,NBA,PF,65,65,2430,459,917,.501,7,27,.259,452,890,.508,.504,204,261,.782,183,495,678,237,37,88,142,127,1129,,1
113,Pau Gasol,2012-13,regular,32,LAL,NBA,PF,49,42,1655,270,579,.466,8,28,.286,262,551,.475,.473,125,178,.702,111,310,421,200,24,61,104,93,673,,2
114,Pau Gasol,2013-14,regular,33,LAL,NBA,C,60,60,1884,425,885,.480,4,14,.286,421,871,.483,.482,187,254,.736,124,456,580,201,27,92,141,124,1041,,0
115,Pau Gasol,2014-15,regular,34,CHI,NBA,PF,78,78,2681,570,1153,.494,12,26,.462,558,1127,.495,.500,294,366,.803,220,699,919,210,25,147,158,147,1446,,0
116,Pau Gasol,2015-16,regular,35,CHI,NBA,C,72,72,2291,467,995,.469,24,69,.348,443,926,.478,.481,229,289,.792,155,638,793,294,42,146,164,148,1187,,2
117,Pau Gasol,2016-17,regular,36,SAS,NBA,C,64,39,1627,303,604,.502,56,104,.538,247,500,.494,.548,130,184,.707,107,394,501,150,24,70,81,110,792,,0
118,Pau Gasol,2017-18,regular,37,SAS,NBA,C,77,63,1812,287,627,.458,43,120,.358,244,507,.481,.492,158,209,.756,129,490,619,238,24,79,108,121,775,,1
119,Pau Gasol,2018-19,regular,38,TOT,NBA,C,30,6,360,42,94,.447,6,13,.462,36,81,.444,.479,28,40,.700,22,115,137,52,5,15,16,29,118,,0
120,Pau Gasol,2018-19,regular,38,SAS,NBA,C,27,6,330,41,88,.466,5,10,.500,36,78,.462,.494,27,38,.711,22,105,127,50,5,14,14,28,114,,0
121,Pau Gasol,2018-19,regular,38,MIL,NBA,C,3,0,30,1,6,.167,1,3,.333,0,3,.000,.250,1,2,.500,0,10,10,2,0,1,2,1,4,,0
122,Derek Fisher,1996-97,playoff,22,LAL,NBA,PG,6,0,34,3,11,.273,0,5,.000,3,6,.500,.273,2,3,.667,0,3,3,6,1,0,6,4,8,,
123,Derek Fisher,1997-98,playoff,23,LAL,NBA,PG,13,13,278,27,68,.397,6,20,.300,21,48,.438,.441,18,29,.621,2,23,25,49,17,0,15,33,78,,
124,Derek Fisher,1998-99,playoff,24,LAL,NBA,PG,8,8,238,28,67,.418,10,29,.345,18,38,.474,.493,12,15,.800,6,23,29,39,8,0,11,20,78,,
125,Derek Fisher,1999-00,playoff,25,LAL,NBA,PG,21,0,322,34,79,.430,12,29,.414,22,50,.440,.506,19,25,.760,4,18,22,41,11,1,9,30,99,,
126,Derek Fisher,2000-01,playoff,26,LAL,NBA,PG,16,16,576,77,159,.484,35,68,.515,42,91,.462,.594,26,34,.765,5,56,61,48,21,1,12,44,215,,
127,Derek Fisher,2001-02,playoff,27,LAL,NBA,PG,19,19,649,60,168,.357,29,81,.358,31,87,.356,.443,44,56,.786,10,52,62,52,19,1,20,49,193,,
128,Derek Fisher,2002-03,playoff,28,LAL,NBA,PG,12,12,424,53,102,.520,29,47,.617,24,55,.436,.662,18,22,.818,5,31,36,22,18,1,18,39,153,,
129,Derek Fisher,2003-04,playoff,29,LAL,NBA,SG,22,0,507,60,148,.405,23,55,.418,37,93,.398,.483,23,35,.657,10,46,56,49,18,0,19,47,166,,
130,Derek Fisher,2006-07,playoff,32,UTA,NBA,SG,16,14,445,49,121,.405,12,32,.375,37,89,.416,.455,42,45,.933,4,21,25,42,16,2,19,51,152,,
131,Derek Fisher,2007-08,playoff,33,LAL,NBA,PG,21,21,663,66,146,.452,22,50,.440,44,96,.458,.527,61,73,.836,2,45,47,52,43,3,20,62,215,,
132,Derek Fisher,2008-09,playoff,34,LAL,NBA,PG,22,22,635,63,160,.394,19,67,.284,44,93,.473,.453,31,36,.861,7,38,45,49,21,1,24,61,176,,
133,Derek Fisher,2009-10,playoff,35,LAL,NBA,PG,23,23,754,82,183,.448,27,75,.360,55,108,.509,.522,46,56,.821,9,49,58,64,28,1,36,83,237,,
134,Derek Fisher,2010-11,playoff,36,LAL,NBA,PG,10,10,325,29,67,.433,7,17,.412,22,50,.440,.485,17,21,.810,1,26,27,36,14,2,8,25,82,,
135,Derek Fisher,2011-12,playoff,37,OKC,NBA,PG,20,0,446,49,118,.415,18,48,.375,31,70,.443,.492,9,9,1.000,2,30,32,25,17,2,6,37,125,,
136,Derek Fisher,2012-13,playoff,38,OKC,NBA,SG,11,0,261,32,70,.457,24,51,.471,8,19,.421,.629,8,12,.667,1,16,17,8,7,1,8,33,96,,
137,Derek Fisher,2013-14,playoff,39,OKC,NBA,SG,19,0,299,23,73,.315,12,41,.293,11,32,.344,.397,15,15,1.000,6,27,33,16,13,0,6,27,73,,
138,Derek Fisher,1996-97,regular,22,LAL,NBA,PG,80,3,921,104,262,.397,22,73,.301,82,189,.434,.439,79,120,.658,25,72,97,119,41,5,71,87,309,,
139,Derek Fisher,1997-98,regular,23,LAL,NBA,PG,82,36,1760,164,378,.434,31,81,.383,133,297,.448,.475,115,152,.757,38,155,193,333,75,5,119,126,474,,
140,Derek Fisher,1998-99,regular,24,LAL,NBA,PG,50,21,1131,99,263,.376,38,97,.392,61,166,.367,.449,60,79,.759,21,70,91,197,61,1,77,95,296,,
141,Derek Fisher,1999-00,regular,25,LAL,NBA,PG,78,22,1803,167,483,.346,52,166,.313,115,317,.363,.400,105,145,.724,22,121,143,216,80,3,75,150,491,,
142,Derek Fisher,2000-01,regular,26,LAL,NBA,PG,20,20,709,77,187,.412,25,63,.397,52,124,.419,.479,50,62,.806,5,54,59,87,39,2,29,50,229,,
143,Derek Fisher,2001-02,regular,27,LAL,NBA,PG,70,35,1974,274,666,.411,144,349,.413,130,317,.410,.520,94,111,.847,15,131,146,181,66,9,62,121,786,,
144,Derek Fisher,2002-03,regular,28,LAL,NBA,PG,82,82,2829,339,775,.437,85,212,.401,254,563,.451,.492,100,125,.800,40,199,239,298,93,15,94,195,863,,
145,Derek Fisher,2003-04,regular,29,LAL,NBA,SG,82,3,1769,203,576,.352,52,179,.291,151,397,.380,.398,122,153,.797,30,122,152,187,103,4,79,115,580,,
146,Derek Fisher,2004-05,regular,30,GSW,NBA,PG,74,32,2222,297,755,.393,108,291,.371,189,464,.407,.465,175,203,.862,38,180,218,301,76,4,129,176,877,,
147,Derek Fisher,2005-06,regular,31,GSW,NBA,PG,82,36,2589,364,887,.410,117,295,.397,247,592,.417,.476,244,293,.833,36,175,211,352,125,8,156,237,1089,,
148,Derek Fisher,2006-07,regular,32,UTA,NBA,SG,82,61,2287,258,675,.382,48,156,.308,210,519,.405,.418,262,307,.853,30,119,149,274,83,6,120,234,826,,
149,Derek Fisher,2007-08,regular,33,LAL,NBA,PG,82,82,2249,339,777,.436,112,276,.406,227,501,.453,.508,166,188,.883,24,146,170,239,86,3,90,188,956,,
150,Derek Fisher,2008-09,regular,34,LAL,NBA,PG,82,82,2441,292,688,.424,120,302,.397,172,386,.446,.512,110,130,.846,25,163,188,261,95,6,72,187,814,,
151,Derek Fisher,2009-10,regular,35,LAL,NBA,PG,82,82,2227,212,558,.380,78,224,.348,134,334,.401,.450,113,132,.856,25,145,170,201,90,9,78,202,615,,
152,Derek Fisher,2010-11,regular,36,LAL,NBA,PG,82,82,2297,206,529,.389,63,159,.396,143,370,.386,.449,83,103,.806,14,138,152,224,99,8,70,192,558,,
153,Derek Fisher,2011-12,regular,37,TOT,NBA,PG,63,43,1508,129,348,.371,35,109,.321,94,239,.393,.421,57,67,.851,12,109,121,170,51,4,73,117,350,,
154,Derek Fisher,2011-12,regular,37,LAL,NBA,PG,43,43,1101,92,240,.383,24,74,.324,68,166,.410,.433,44,53,.830,10,82,92,142,40,3,58,85,252,,
155,Derek Fisher,2011-12,regular,37,OKC,NBA,PG,20,0,407,37,108,.343,11,35,.314,26,73,.356,.394,13,14,.929,2,27,29,28,11,1,15,32,98,,
156,Derek Fisher,2012-13,regular,38,TOT,NBA,"PG,SG",33,9,575,55,161,.342,30,80,.375,25,81,.309,.435,35,38,.921,2,35,37,47,19,3,30,55,175,,
157,Derek Fisher,2012-13,regular,38,DAL,NBA,PG,9,9,229,23,65,.354,10,23,.435,13,42,.310,.431,21,23,.913,0,15,15,31,5,2,18,24,77,,
158,Derek Fisher,2012-13,regular,38,OKC,NBA,SG,24,0,346,32,96,.333,20,57,.351,12,39,.308,.438,14,15,.933,2,20,22,16,14,1,12,31,98,,
159,Derek Fisher,2013-14,regular,39,OKC,NBA,SG,81,0,1428,141,361,.391,88,229,.384,53,132,.402,.512,55,71,.775,12,110,122,117,70,3,49,157,425,,
160,Lebron James,2005-06,playoff,21,CLE,NBA,SF,13,13,604,146,307,.476,21,63,.333,125,244,.512,.510,87,118,.737,22,83,105,76,18,9,65,44,400,,2
161,Lebron James,2006-07,playoff,22,CLE,NBA,SF,20,20,893,166,399,.416,21,75,.280,145,324,.448,.442,148,196,.755,26,135,161,159,34,10,66,40,501,,0
162,Lebron James,2007-08,playoff,23,CLE,NBA,SF,13,13,552,113,275,.411,18,70,.257,95,205,.463,.444,122,167,.731,16,86,102,99,23,17,54,33,366,,1
163,Lebron James,2008-09,playoff,24,CLE,NBA,SF,14,14,580,159,312,.510,27,81,.333,132,231,.571,.553,149,199,.749,19,109,128,102,23,12,38,30,494,,1
164,Lebron James,2009-10,playoff,25,CLE,NBA,SF,11,11,460,106,211,.502,20,50,.400,86,161,.534,.550,88,120,.733,15,87,102,84,19,20,42,23,320,,2
165,Lebron James,2010-11,playoff,26,MIA,NBA,SF,21,21,922,174,373,.466,30,85,.353,144,288,.500,.507,119,156,.763,34,142,176,123,35,25,66,56,497,,1
166,Lebron James,2011-12,playoff,27,MIA,NBA,SF,23,23,983,251,502,.500,22,85,.259,229,417,.549,.522,173,234,.739,54,170,224,129,43,16,81,47,697,,1
167,Lebron James,2012-13,playoff,28,MIA,NBA,PF,23,23,960,212,432,.491,36,96,.375,176,336,.524,.532,136,175,.777,37,156,193,152,41,18,70,43,596,,3
168,Lebron James,2013-14,playoff,29,MIA,NBA,PF,20,20,763,192,340,.565,35,86,.407,157,254,.618,.616,129,160,.806,14,127,141,95,36,11,61,46,548,,0
169,Lebron James,2014-15,playoff,30,CLE,NBA,SF,20,20,844,227,544,.417,25,110,.227,202,434,.465,.440,122,167,.731,37,189,226,169,33,21,82,58,601,,3
170,Lebron James,2015-16,playoff,31,CLE,NBA,SF,21,21,822,219,417,.525,32,94,.340,187,323,.579,.564,82,124,.661,42,158,200,160,49,27,75,54,552,,2
171,Lebron James,2016-17,playoff,32,CLE,NBA,SF,18,18,744,217,384,.565,44,107,.411,173,277,.625,.622,113,162,.698,19,145,164,141,35,23,72,43,591,,3
172,Lebron James,2017-18,playoff,33,CLE,NBA,PF,22,22,922,275,510,.539,39,114,.342,236,396,.596,.577,159,213,.746,31,169,200,198,30,23,94,52,748,,4
173,Lebron James,2019-20,playoff,35,LAL,NBA,PG,21,21,762,214,382,.560,44,119,.370,170,263,.646,.618,108,150,.720,28,198,226,184,26,18,84,40,580,,5
174,Lebron James,2020-21,playoff,36,LAL,NBA,PG,6,6,224,54,114,.474,18,48,.375,36,66,.545,.553,14,23,.609,7,36,43,48,9,2,25,7,140,,0
175,Lebron James,2022-23,playoff,38,LAL,NBA,PF,16,16,619,147,295,.498,28,106,.264,119,189,.630,.546,70,92,.761,25,133,158,104,17,18,40,28,392,,0
176,Lebron James,2023-24,playoff,39,LAL,NBA,PF,5,5,204,56,99,.566,10,26,.385,46,73,.630,.616,17,23,.739,4,30,34,44,12,5,19,11,139,,0
177,Lebron James,2003-04,regular,19,CLE,NBA,SG,79,79,3122,622,1492,.417,63,217,.290,559,1275,.438,.438,347,460,.754,99,333,432,465,130,58,273,149,1654,,0
178,Lebron James,2004-05,regular,20,CLE,NBA,SF,80,80,3388,795,1684,.472,108,308,.351,687,1376,.499,.504,477,636,.750,111,477,588,577,177,52,262,146,2175,,4
179,Lebron James,2005-06,regular,21,CLE,NBA,SF,79,79,3361,875,1823,.480,127,379,.335,748,1444,.518,.515,601,814,.738,75,481,556,521,123,66,260,181,2478,,5
180,Lebron James,2006-07,regular,22,CLE,NBA,SF,78,78,3190,772,1621,.476,99,310,.319,673,1311,.513,.507,489,701,.698,83,443,526,470,125,55,250,171,2132,,1
181,Lebron James,2007-08,regular,23,CLE,NBA,SF,75,74,3027,794,1642,.484,113,359,.315,681,1283,.531,.518,549,771,.712,133,459,592,539,138,81,255,165,2250,,7
182,Lebron James,2008-09,regular,24,CLE,NBA,SF,81,81,3054,789,1613,.489,132,384,.344,657,1229,.535,.530,594,762,.780,106,507,613,587,137,93,241,139,2304,,7
183,Lebron James,2009-10,regular,25,CLE,NBA,SF,76,76,2966,768,1528,.503,129,387,.333,639,1141,.560,.545,593,773,.767,71,483,554,651,125,77,261,119,2258,,4
184,Lebron James,2010-11,regular,26,MIA,NBA,SF,79,79,3063,758,1485,.510,92,279,.330,666,1206,.552,.541,503,663,.759,80,510,590,554,124,50,284,163,2111,,4
185,Lebron James,2011-12,regular,27,MIA,NBA,SF,62,62,2326,621,1169,.531,54,149,.362,567,1020,.556,.554,387,502,.771,94,398,492,387,115,50,213,96,1683,,0
186,Lebron James,2012-13,regular,28,MIA,NBA,PF,76,76,2877,765,1354,.565,103,254,.406,662,1100,.602,.603,403,535,.753,97,513,610,551,129,67,226,110,2036,,4
187,Lebron James,2013-14,regular,29,MIA,NBA,PF,77,77,2902,767,1353,.567,116,306,.379,651,1047,.622,.610,439,585,.750,81,452,533,488,121,26,270,126,2089,,1
188,Lebron James,2014-15,regular,30,CLE,NBA,SF,69,69,2493,624,1279,.488,120,339,.354,504,940,.536,.535,375,528,.710,51,365,416,511,109,49,272,135,1743,,2
189,Lebron James,2015-16,regular,31,CLE,NBA,SF,76,76,2709,737,1416,.520,87,282,.309,650,1134,.573,.551,359,491,.731,111,454,565,514,104,49,249,143,1920,,3
190,Lebron James,2016-17,regular,32,CLE,NBA,SF,74,74,2794,736,1344,.548,124,342,.363,612,1002,.611,.594,358,531,.674,97,542,639,646,92,44,303,134,1954,,13
191,Lebron James,2017-18,regular,33,CLE,NBA,PF,82,82,3026,857,1580,.542,149,406,.367,708,1174,.603,.590,388,531,.731,97,612,709,747,116,71,347,136,2251,,18
192,Lebron James,2018-19,regular,34,LAL,NBA,SF,55,55,1937,558,1095,.510,111,327,.339,447,768,.582,.560,278,418,.665,57,408,465,454,72,33,197,94,1505,,8
193,Lebron James,2019-20,regular,35,LAL,NBA,PG,67,67,2316,643,1303,.493,148,425,.348,495,878,.564,.550,264,381,.693,66,459,525,684,78,36,261,118,1698,,13
194,Lebron James,2020-21,regular,36,LAL,NBA,PG,45,45,1504,422,823,.513,104,285,.365,318,538,.591,.576,178,255,.698,29,317,346,350,48,25,168,70,1126,,5
195,Lebron James,2021-22,regular,37,LAL,NBA,C,56,56,2084,640,1221,.524,161,448,.359,479,773,.620,.590,254,336,.756,63,396,459,349,73,59,196,121,1695,,6
196,Lebron James,2022-23,regular,38,LAL,NBA,PF,55,54,1954,609,1219,.500,121,377,.321,488,842,.580,.549,251,327,.768,65,392,457,375,50,32,178,88,1590,,2
197,Lebron James,2023-24,regular,39,LAL,NBA,PF,71,71,2504,685,1269,.540,149,363,.410,536,906,.592,.599,303,404,.750,61,457,518,589,89,38,245,78,1822,,5
198,Lebron James,2024-25,regular,40,LAL,NBA,SF,5,5,168,38,78,.487,10,26,.385,28,52,.538,.551,20,26,.769,1,33,34,33,1,3,17,10,106,,1
199,Jordan Farmar,2006-07,playoff,20,LAL,NBA,PG,5,5,114,12,28,.429,2,10,.200,10,18,.556,.464,6,7,.857,1,13,14,8,6,1,5,9,32,,
200,Jordan Farmar,2007-08,playoff,21,LAL,NBA,PG,21,0,360,44,115,.383,17,44,.386,27,71,.380,.457,14,16,.875,7,26,33,27,7,4,17,27,119,,
201,Jordan Farmar,2008-09,playoff,22,LAL,NBA,PG,20,1,260,34,87,.391,12,39,.308,22,48,.458,.460,14,19,.737,5,23,28,33,9,3,18,16,94,,
202,Jordan Farmar,2009-10,playoff,23,LAL,NBA,PG,23,0,301,38,94,.404,20,50,.400,18,44,.409,.511,9,13,.692,1,26,27,32,17,0,20,30,105,,
203,Jordan Farmar,2015-16,playoff,29,MEM,NBA,PG,4,4,113,10,31,.323,4,12,.333,6,19,.316,.387,3,3,1.000,0,6,6,16,3,1,10,4,27,,
204,Jordan Farmar,2006-07,regular,20,LAL,NBA,PG,72,2,1090,124,294,.422,45,137,.328,79,157,.503,.498,27,38,.711,22,97,119,137,44,7,73,77,320,,
205,Jordan Farmar,2007-08,regular,21,LAL,NBA,PG,82,0,1690,291,631,.461,114,307,.371,177,324,.546,.552,53,78,.679,39,144,183,225,77,5,108,105,749,,
206,Jordan Farmar,2008-09,regular,22,LAL,NBA,PG,65,0,1192,161,412,.391,49,146,.336,112,266,.421,.450,45,77,.584,22,95,117,155,57,10,87,105,416,,
207,Jordan Farmar,2009-10,regular,23,LAL,NBA,PG,82,0,1474,224,515,.435,86,229,.376,138,286,.483,.518,57,85,.671,14,117,131,127,52,11,72,109,591,,
208,Jordan Farmar,2010-11,regular,24,NJN,NBA,PG,73,18,1796,255,651,.392,109,304,.359,146,347,.421,.475,82,100,.820,24,149,173,368,62,6,139,128,701,,
209,Jordan Farmar,2011-12,regular,25,NJN,NBA,PG,39,5,831,147,315,.467,55,125,.440,92,190,.484,.554,57,63,.905,7,54,61,129,24,2,68,49,406,,
210,Jordan Farmar,2013-14,regular,27,LAL,NBA,PG,41,5,912,151,364,.415,70,160,.438,81,204,.397,.511,44,59,.746,20,84,104,199,38,8,95,65,416,,
211,Jordan Farmar,2014-15,regular,28,LAC,NBA,PG,36,0,529,61,158,.386,35,97,.361,26,61,.426,.497,10,11,.909,8,34,42,67,20,5,32,52,167,,
212,Jordan Farmar,2015-16,regular,29,MEM,NBA,PG,12,10,291,42,100,.420,16,45,.356,26,55,.473,.500,10,10,1.000,4,21,25,37,15,2,18,22,110,,
213,Jordan Farmar,2016-17,regular,30,SAC,NBA,PG,2,0,35,4,12,.333,4,9,.444,0,3,.000,.500,0,0,,1,2,3,9,2,0,3,1,12,,
214,Sasha Vujačić,2005-06,playoff,21,LAL,NBA,PG,7,0,129,11,26,.423,9,15,.600,2,11,.182,.596,11,11,1.000,3,14,17,6,4,0,3,14,42,,
215,Sasha Vujačić,2006-07,playoff,22,LAL,NBA,SG,4,0,43,5,9,.556,1,4,.250,4,5,.800,.611,0,0,,2,2,4,3,1,0,3,4,11,,
216,Sasha Vujačić,2007-08,playoff,23,LAL,NBA,SG,21,0,456,55,138,.399,31,79,.392,24,59,.407,.511,30,35,.857,8,38,46,16,12,4,18,44,171,,
217,Sasha Vujačić,2008-09,playoff,24,LAL,NBA,SG,23,0,250,24,91,.264,16,51,.314,8,40,.200,.352,5,6,.833,7,25,32,12,10,4,10,34,69,,
218,Sasha Vujačić,2009-10,playoff,25,LAL,NBA,SG,10,0,76,10,23,.435,6,15,.400,4,8,.500,.565,5,6,.833,3,5,8,5,2,0,3,8,31,,
219,Sasha Vujačić,2004-05,regular,20,LAL,NBA,SG,35,3,403,33,117,.282,17,63,.270,16,54,.296,.355,18,19,.947,13,49,62,51,12,2,15,41,101,,
220,Sasha Vujačić,2005-06,regular,21,LAL,NBA,PG,82,4,1449,108,312,.346,59,172,.343,49,140,.350,.441,46,52,.885,33,126,159,139,48,3,50,150,321,,
221,Sasha Vujačić,2006-07,regular,22,LAL,NBA,SG,73,4,935,105,268,.392,60,161,.373,45,107,.421,.504,43,49,.878,28,79,107,64,41,1,30,103,313,,
222,Sasha Vujačić,2007-08,regular,23,LAL,NBA,SG,72,0,1279,219,482,.454,118,270,.437,101,212,.476,.577,76,91,.835,19,135,154,72,36,5,52,107,632,,
223,Sasha Vujačić,2008-09,regular,24,LAL,NBA,SG,80,0,1293,155,401,.387,81,223,.363,74,178,.416,.488,70,76,.921,19,116,135,113,77,7,35,154,461,,
224,Sasha Vujačić,2009-10,regular,25,LAL,NBA,SG,67,1,575,66,164,.402,25,81,.309,41,83,.494,.479,28,33,.848,25,54,79,41,20,4,17,67,185,,
225,Sasha Vujačić,2010-11,regular,26,TOT,NBA,SG,67,17,1648,239,595,.402,97,262,.370,142,333,.426,.483,81,96,.844,30,156,186,132,54,5,66,136,656,,
226,Sasha Vujačić,2010-11,regular,26,LAL,NBA,SG,11,0,54,8,23,.348,3,7,.429,5,16,.313,.413,1,2,.500,1,3,4,5,1,0,5,7,20,,
227,Sasha Vujačić,2010-11,regular,26,NJN,NBA,SG,56,17,1594,231,572,.404,94,255,.369,137,317,.432,.486,80,94,.851,29,153,182,127,53,5,61,129,636,,
228,Sasha Vujačić,2013-14,regular,29,LAC,NBA,SG,2,0,10,2,5,.400,1,2,.500,1,3,.333,.500,0,0,,0,3,3,0,1,0,3,1,5,,
229,Sasha Vujačić,2015-16,regular,31,NYK,NBA,SG,61,25,908,106,277,.383,52,143,.364,54,134,.403,.477,32,39,.821,26,123,149,84,34,5,44,83,296,,
230,Sasha Vujačić,2016-17,regular,32,NYK,NBA,SG,42,4,408,42,136,.309,23,74,.311,19,62,.306,.393,17,24,.708,12,47,59,52,13,2,16,38,124,,
231,Trevor Ariza,2006-07,playoff,21,ORL,NBA,SG,4,0,47,5,16,.313,0,0,,5,16,.313,.313,1,4,.250,5,4,9,5,1,0,4,9,11,,
232,Trevor Ariza,2007-08,playoff,22,LAL,NBA,SF,8,0,45,7,12,.583,1,4,.250,6,8,.750,.625,2,4,.500,3,8,11,1,1,1,1,7,17,,
233,Trevor Ariza,2008-09,playoff,23,LAL,NBA,SF,23,23,722,92,185,.497,40,84,.476,52,101,.515,.605,36,64,.563,22,75,97,54,36,10,38,73,260,,
234,Trevor Ariza,2010-11,playoff,25,NOH,NBA,SF,6,6,241,35,85,.412,7,21,.333,28,64,.438,.453,16,22,.727,7,32,39,20,8,3,7,16,93,,
235,Trevor Ariza,2013-14,playoff,28,WAS,NBA,SF,11,11,407,52,108,.481,25,56,.446,27,52,.519,.597,21,27,.778,21,77,98,19,17,4,14,26,150,,
236,Trevor Ariza,2014-15,playoff,29,HOU,NBA,SF,17,17,655,75,176,.426,36,96,.375,39,80,.488,.528,38,42,.905,18,91,109,44,30,2,23,51,224,,
237,Trevor Ariza,2015-16,playoff,30,HOU,NBA,SF,5,5,181,13,51,.255,4,28,.143,9,23,.391,.294,3,4,.750,7,14,21,4,13,1,12,16,33,,
238,Trevor Ariza,2016-17,playoff,31,HOU,NBA,SF,11,11,413,41,97,.423,23,61,.377,18,36,.500,.541,13,14,.929,8,48,56,23,14,2,9,25,118,,
239,Trevor Ariza,2017-18,playoff,32,HOU,NBA,SF,17,17,582,50,139,.360,26,91,.286,24,48,.500,.453,23,31,.742,9,56,65,22,19,2,10,44,149,,
240,Trevor Ariza,2020-21,playoff,35,MIA,NBA,SF,4,4,96,7,23,.304,5,17,.294,2,6,.333,.413,0,0,,2,21,23,2,3,1,3,11,19,,
241,Trevor Ariza,2004-05,regular,19,NYK,NBA,SF,80,12,1382,172,389,.442,3,13,.231,169,376,.449,.446,121,174,.695,89,153,242,85,70,18,73,150,468,,0
242,Trevor Ariza,2005-06,regular,20,TOT,NBA,SF,57,10,999,93,226,.412,1,5,.200,92,221,.416,.414,77,127,.606,78,140,218,61,57,11,62,100,264,,0
243,Trevor Ariza,2005-06,regular,20,NYK,NBA,SF,36,10,709,61,146,.418,1,3,.333,60,143,.420,.421,42,77,.545,49,88,137,46,43,9,46,78,165,,0
244,Trevor Ariza,2005-06,regular,20,ORL,NBA,SF,21,0,290,32,80,.400,0,2,.000,32,78,.410,.400,35,50,.700,29,52,81,15,14,2,16,22,99,,0
245,Trevor Ariza,2006-07,regular,21,ORL,NBA,SG,57,7,1278,200,371,.539,0,7,.000,200,364,.549,.539,106,171,.620,98,151,249,65,59,19,84,134,506,,0
246,Trevor Ariza,2007-08,regular,22,TOT,NBA,SF,35,3,546,69,136,.507,5,18,.278,64,118,.542,.526,49,75,.653,30,78,108,44,31,11,23,45,192,,0
247,Trevor Ariza,2007-08,regular,22,ORL,NBA,SF,11,0,115,14,31,.452,0,3,.000,14,28,.500,.452,8,15,.533,5,19,24,8,5,3,5,9,36,,0
248,Trevor Ariza,2007-08,regular,22,LAL,NBA,SF,24,3,431,55,105,.524,5,15,.333,50,90,.556,.548,41,60,.683,25,59,84,36,26,8,18,36,156,,0
249,Trevor Ariza,2008-09,regular,23,LAL,NBA,SF,82,20,1999,274,596,.460,61,191,.319,213,405,.526,.511,120,169,.710,111,241,352,145,137,24,87,166,729,,0
250,Trevor Ariza,2009-10,regular,24,HOU,NBA,SF,72,71,2629,394,999,.394,136,407,.334,258,592,.436,.462,148,228,.649,78,325,403,276,126,40,161,162,1072,,1
251,Trevor Ariza,2010-11,regular,25,NOH,NBA,SF,75,75,2600,303,762,.398,82,271,.303,221,491,.450,.451,138,197,.701,61,347,408,162,120,31,118,180,826,,0
252,Trevor Ariza,2011-12,regular,26,NOH,NBA,SF,41,41,1350,168,403,.417,29,87,.333,139,316,.440,.453,79,102,.775,41,174,215,135,69,25,76,73,444,,0
253,Trevor Ariza,2012-13,regular,27,WAS,NBA,SF,56,15,1471,188,451,.417,76,209,.364,112,242,.463,.501,78,95,.821,44,222,266,113,72,20,84,72,530,,0
254,Trevor Ariza,2013-14,regular,28,WAS,NBA,SF,77,77,2723,389,853,.456,180,442,.407,209,411,.509,.562,149,193,.772,99,376,475,191,126,20,132,179,1107,,0
255,Trevor Ariza,2014-15,regular,29,HOU,NBA,SF,82,82,2930,366,910,.402,194,555,.350,172,355,.485,.509,122,143,.853,77,382,459,209,152,17,141,186,1048,,0
256,Trevor Ariza,2015-16,regular,30,HOU,NBA,SF,81,81,2859,357,859,.416,185,499,.371,172,360,.478,.523,126,161,.783,67,299,366,188,160,26,113,177,1025,,0
257,Trevor Ariza,2016-17,regular,31,HOU,NBA,SF,80,80,2773,326,798,.409,191,555,.344,135,243,.556,.528,93,126,.738,54,404,458,175,147,20,73,133,936,,0
258,Trevor Ariza,2017-18,regular,32,HOU,NBA,SF,67,67,2269,268,651,.412,170,462,.368,98,189,.519,.542,76,89,.854,33,261,294,105,98,13,52,132,782,,0
259,Trevor Ariza,2018-19,regular,33,TOT,NBA,SF,69,69,2349,294,736,.399,145,434,.334,149,302,.493,.498,130,164,.793,50,321,371,252,91,21,106,130,863,,0
260,Trevor Ariza,2018-19,regular,33,PHO,NBA,SF,26,26,884,86,227,.379,50,139,.360,36,88,.409,.489,36,43,.837,16,129,145,87,38,8,39,44,258,,0
261,Trevor Ariza,2018-19,regular,33,WAS,NBA,SF,43,43,1465,208,509,.409,95,295,.322,113,214,.528,.502,94,121,.777,34,192,226,165,53,13,67,86,605,,0
262,Trevor Ariza,2019-20,regular,34,TOT,NBA,SF,53,21,1493,142,324,.438,77,207,.372,65,117,.556,.557,62,74,.838,34,212,246,91,69,15,56,111,423,,0
263,Trevor Ariza,2019-20,regular,34,SAC,NBA,SF,32,0,791,64,165,.388,43,122,.352,21,43,.488,.518,21,27,.778,21,125,146,50,35,7,28,63,192,,0
264,Trevor Ariza,2019-20,regular,34,POR,NBA,SF,21,21,702,78,159,.491,34,85,.400,44,74,.595,.597,41,47,.872,13,87,100,41,34,8,28,48,231,,0
265,Trevor Ariza,2020-21,regular,35,MIA,NBA,SF,30,27,841,99,241,.411,50,143,.350,49,98,.500,.515,34,44,.773,27,117,144,55,31,18,21,55,282,,0
266,Trevor Ariza,2021-22,regular,36,LAL,NBA,SF,24,11,462,33,99,.333,20,74,.270,13,25,.520,.434,10,18,.556,10,72,82,27,13,6,11,20,96,,0
267,Udonis Haslem,2003-04,playoff,23,MIA,NBA,PF,13,0,199,13,33,.394,0,0,,13,33,.394,.394,21,31,.677,18,26,44,3,5,3,3,22,47,,
268,Udonis Haslem,2004-05,playoff,24,MIA,NBA,PF,15,15,543,52,106,.491,0,0,,52,106,.491,.491,34,46,.739,38,112,150,15,8,6,18,48,138,,
269,Udonis Haslem,2005-06,playoff,25,MIA,NBA,PF,22,22,650,74,150,.493,0,1,.000,74,149,.497,.493,41,60,.683,49,113,162,17,13,7,31,79,189,,
270,Udonis Haslem,2006-07,playoff,26,MIA,NBA,PF,4,4,103,12,25,.480,0,0,,12,25,.480,.480,6,8,.750,4,17,21,4,1,2,2,14,30,,
271,Udonis Haslem,2008-09,playoff,28,MIA,NBA,PF,7,7,204,25,46,.543,0,0,,25,46,.543,.543,9,10,.900,13,48,61,3,3,3,6,19,59,,
272,Udonis Haslem,2009-10,playoff,29,MIA,NBA,PF,5,0,142,13,37,.351,0,0,,13,37,.351,.351,4,6,.667,9,28,37,4,1,1,5,18,30,,
273,Udonis Haslem,2010-11,playoff,30,MIA,NBA,PF,12,0,290,27,68,.397,0,0,,27,68,.397,.397,9,10,.900,13,41,54,9,6,4,11,31,63,,
274,Udonis Haslem,2011-12,playoff,31,MIA,NBA,PF,22,11,452,40,88,.455,0,0,,40,88,.455,.455,26,35,.743,37,104,141,13,5,6,20,60,106,,
275,Udonis Haslem,2012-13,playoff,32,MIA,NBA,PF,22,19,357,51,86,.593,0,0,,51,86,.593,.593,8,14,.571,26,54,80,6,15,5,14,54,110,,
276,Udonis Haslem,2013-14,playoff,33,MIA,NBA,PF,16,6,169,17,37,.459,0,0,,17,37,.459,.459,6,10,.600,12,29,41,4,1,3,1,28,40,,
277,Udonis Haslem,2015-16,playoff,35,MIA,NBA,PF,9,0,85,8,15,.533,0,0,,8,15,.533,.533,5,7,.714,11,20,31,4,0,1,7,13,21,,
278,Udonis Haslem,2022-23,playoff,42,MIA,NBA,C,2,0,3,0,3,.000,0,1,.000,0,2,.000,.000,0,0,,0,1,1,0,0,0,0,0,0,,
279,Udonis Haslem,2003-04,regular,23,MIA,NBA,PF,75,24,1795,205,447,.459,0,3,.000,205,444,.462,.459,140,183,.765,189,284,473,51,33,24,74,197,550,,
280,Udonis Haslem,2004-05,regular,24,MIA,NBA,PF,80,80,2675,346,641,.540,0,4,.000,346,637,.543,.540,178,225,.791,239,487,726,108,63,41,113,260,870,,
281,Udonis Haslem,2005-06,regular,25,MIA,NBA,PF,81,80,2491,300,591,.508,0,2,.000,300,589,.509,.508,157,199,.789,167,467,634,95,50,17,80,216,757,,
282,Udonis Haslem,2006-07,regular,26,MIA,NBA,PF,79,79,2483,353,717,.492,0,4,.000,353,713,.495,.492,138,203,.680,188,466,654,97,49,26,110,236,844,,
283,Udonis Haslem,2007-08,regular,27,MIA,NBA,PF,49,48,1805,237,507,.467,0,0,,237,507,.467,.467,115,142,.810,107,336,443,68,39,18,67,145,589,,
284,Udonis Haslem,2008-09,regular,28,MIA,NBA,PF,75,75,2560,333,643,.518,0,0,,333,643,.518,.518,128,170,.753,169,449,618,85,43,25,82,204,794,,
285,Udonis Haslem,2009-10,regular,29,MIA,NBA,PF,78,0,2177,312,632,.494,0,0,,312,632,.494,.494,147,193,.762,167,462,629,52,30,23,75,174,771,,
286,Udonis Haslem,2010-11,regular,30,MIA,NBA,PF,13,0,345,44,86,.512,0,0,,44,86,.512,.512,16,20,.800,29,77,106,6,7,3,14,39,104,,
287,Udonis Haslem,2011-12,regular,31,MIA,NBA,PF,64,10,1589,151,357,.423,0,0,,151,357,.423,.423,83,102,.814,117,353,470,42,35,24,60,142,385,,
288,Udonis Haslem,2012-13,regular,32,MIA,NBA,PF,75,59,1414,129,251,.514,0,0,,129,251,.514,.514,32,45,.711,97,307,404,38,30,15,45,173,290,,
289,Udonis Haslem,2013-14,regular,33,MIA,NBA,PF,46,18,653,74,146,.507,0,0,,74,146,.507,.507,25,44,.568,42,133,175,13,11,15,24,79,173,,
290,Udonis Haslem,2014-15,regular,34,MIA,NBA,PF,62,25,995,107,239,.448,2,10,.200,105,229,.459,.452,45,64,.703,71,187,258,46,21,13,41,113,261,,
291,Udonis Haslem,2015-16,regular,35,MIA,NBA,PF,37,0,260,23,61,.377,1,9,.111,22,52,.423,.385,12,16,.750,10,65,75,14,5,2,5,25,59,,
292,Udonis Haslem,2016-17,regular,36,MIA,NBA,C,16,0,130,11,23,.478,0,3,.000,11,20,.550,.478,9,15,.600,8,28,36,6,6,1,8,22,31,,
293,Udonis Haslem,2017-18,regular,37,MIA,NBA,C,14,0,72,3,15,.200,1,8,.125,2,7,.286,.233,1,2,.500,3,7,10,5,0,2,2,3,8,,
294,Udonis Haslem,2018-19,regular,38,MIA,NBA,C,10,1,74,11,33,.333,0,12,.000,11,21,.524,.333,3,4,.750,3,24,27,2,0,0,3,9,25,,
295,Udonis Haslem,2019-20,regular,39,MIA,NBA,C,4,1,44,4,11,.364,1,3,.333,3,8,.375,.409,3,4,.750,1,15,16,1,0,0,1,6,12,,
296,Udonis Haslem,2020-21,regular,40,MIA,NBA,C,1,0,3,2,2,1.000,0,0,,2,2,1.000,1.000,0,0,,0,1,1,0,0,0,0,0,4,,
297,Udonis Haslem,2021-22,regular,41,MIA,NBA,C,13,0,83,14,31,.452,1,4,.250,13,27,.481,.468,3,3,1.000,4,21,25,4,1,1,5,15,32,,
298,Udonis Haslem,2022-23,regular,42,MIA,NBA,C,7,1,71,10,29,.345,3,9,.333,7,20,.350,.397,4,5,.800,4,7,11,0,1,2,1,11,27,,
299,Andrew Bynum,2005-06,playoff,18,LAL,NBA,C,1,0,2,0,1,.000,0,0,,0,1,.000,.000,0,0,,0,0,0,0,0,0,0,0,0,,0
300,Andrew Bynum,2006-07,playoff,19,LAL,NBA,C,5,0,55,8,15,.533,0,0,,8,15,.533,.533,4,10,.400,8,15,23,0,0,2,2,7,20,,0
301,Andrew Bynum,2008-09,playoff,21,LAL,NBA,C,23,18,400,58,127,.457,0,0,,58,127,.457,.457,28,43,.651,33,53,86,10,8,21,19,77,144,,0
302,Andrew Bynum,2009-10,playoff,22,LAL,NBA,C,23,23,561,80,149,.537,0,0,,80,149,.537,.537,38,56,.679,59,100,159,12,6,36,21,61,198,,0
303,Andrew Bynum,2010-11,playoff,23,LAL,NBA,C,10,10,320,57,105,.543,0,0,,57,105,.543,.543,30,36,.833,36,60,96,8,5,14,20,33,144,,0
304,Andrew Bynum,2011-12,playoff,24,LAL,NBA,C,12,12,451,73,153,.477,0,0,,73,153,.477,.477,54,69,.783,46,87,133,18,5,37,16,21,200,,1
305,Andrew Bynum,2005-06,regular,18,LAL,NBA,C,46,0,338,33,82,.402,0,0,,33,82,.402,.402,8,27,.296,34,46,80,9,4,22,17,56,74,,
306,Andrew Bynum,2006-07,regular,19,LAL,NBA,C,82,53,1793,247,443,.558,0,3,.000,247,440,.561,.558,143,214,.668,139,345,484,94,12,128,115,249,637,,
307,Andrew Bynum,2007-08,regular,20,LAL,NBA,C,35,25,1008,189,297,.636,0,0,,189,297,.636,.636,82,118,.695,105,251,356,61,12,72,52,98,460,,
308,Andrew Bynum,2008-09,regular,21,LAL,NBA,C,50,50,1446,281,502,.560,0,0,,281,502,.560,.560,152,215,.707,137,261,398,71,18,90,85,157,714,,
309,Andrew Bynum,2009-10,regular,22,LAL,NBA,C,65,65,1977,392,688,.570,0,1,.000,392,687,.571,.570,193,261,.739,177,364,541,68,35,94,115,193,977,,
310,Andrew Bynum,2010-11,regular,23,LAL,NBA,C,54,47,1500,237,413,.574,0,0,,237,413,.574,.574,138,209,.660,170,338,508,73,19,106,74,140,612,,
311,Andrew Bynum,2011-12,regular,24,LAL,NBA,C,60,60,2112,444,796,.558,1,5,.200,443,791,.560,.558,234,338,.692,192,517,709,85,27,116,152,104,1123,,
312,Andrew Bynum,2013-14,regular,26,TOT,NBA,C,26,19,516,94,225,.418,0,0,,94,225,.418,.418,37,49,.755,53,92,145,29,6,29,34,31,225,,
313,Andrew Bynum,2013-14,regular,26,CLE,NBA,C,24,19,480,85,203,.419,0,0,,85,203,.419,.419,32,42,.762,47,79,126,27,6,28,30,28,202,,
314,Andrew Bynum,2013-14,regular,26,IND,NBA,C,2,0,36,9,22,.409,0,0,,9,22,.409,.409,5,7,.714,6,13,19,2,0,1,4,3,23,,
315,Jason Kidd,1996-97,playoff,23,PHO,NBA,PG,5,5,207,21,53,.396,8,22,.364,13,31,.419,.472,10,19,.526,4,26,30,49,11,2,13,11,60,,0
316,Jason Kidd,1997-98,playoff,24,PHO,NBA,PG,4,4,171,22,58,.379,0,7,.000,22,51,.431,.379,13,16,.813,5,18,23,31,16,2,12,13,57,,0
317,Jason Kidd,1998-99,playoff,25,PHO,NBA,PG,3,3,126,18,43,.419,4,16,.250,14,27,.519,.465,5,7,.714,1,6,7,31,5,1,9,12,45,,0
318,Jason Kidd,1999-00,playoff,26,PHO,NBA,PG,6,6,229,22,55,.400,8,22,.364,14,33,.424,.473,7,9,.778,8,32,40,53,11,1,23,14,59,,1
319,Jason Kidd,2000-01,playoff,27,PHO,NBA,PG,4,4,166,22,69,.319,4,17,.235,18,52,.346,.348,9,12,.750,9,15,24,53,8,0,12,13,57,,0
320,Jason Kidd,2001-02,playoff,28,NJN,NBA,PG,20,20,803,147,354,.415,17,90,.189,130,264,.492,.439,80,99,.808,42,122,164,182,34,8,67,40,391,,4
321,Jason Kidd,2002-03,playoff,29,NJN,NBA,PG,20,20,852,137,341,.402,34,104,.327,103,237,.435,.452,94,114,.825,36,118,154,163,36,4,79,46,402,,1
322,Jason Kidd,2003-04,playoff,30,NJN,NBA,PG,11,11,474,43,129,.333,10,48,.208,33,81,.407,.372,43,53,.811,16,57,73,99,25,6,43,15,139,,1
323,Jason Kidd,2004-05,playoff,31,NJN,NBA,PG,4,4,182,26,67,.388,11,30,.367,15,37,.405,.470,6,11,.545,10,26,36,29,10,0,9,16,69,,1
324,Jason Kidd,2005-06,playoff,32,NJN,NBA,PG,11,11,450,49,132,.371,15,50,.300,34,82,.415,.428,19,23,.826,22,62,84,106,17,2,24,31,132,,1
325,Jason Kidd,2006-07,playoff,33,NJN,NBA,PG,12,12,484,64,148,.432,34,81,.420,30,67,.448,.547,13,25,.520,23,108,131,131,22,5,41,31,175,,2
326,Jason Kidd,2007-08,playoff,34,DAL,NBA,PG,5,5,180,16,38,.421,6,13,.462,10,25,.400,.500,5,8,.625,8,24,32,34,7,2,9,12,43,,0
327,Jason Kidd,2008-09,playoff,35,DAL,NBA,PG,10,10,386,38,83,.458,21,47,.447,17,36,.472,.584,17,20,.850,7,51,58,59,22,3,20,24,114,,0
328,Jason Kidd,2009-10,playoff,36,DAL,NBA,PG,6,6,243,14,46,.304,9,28,.321,5,18,.278,.402,11,12,.917,6,35,41,42,14,1,9,15,48,,0
329,Jason Kidd,2010-11,playoff,37,DAL,NBA,PG,21,21,744,64,161,.398,43,115,.374,21,46,.457,.531,24,30,.800,11,84,95,153,40,10,56,36,195,,0
330,Jason Kidd,2011-12,playoff,38,DAL,NBA,PG,4,4,144,14,41,.341,9,26,.346,5,15,.333,.451,9,10,.900,3,21,24,24,12,1,11,7,46,,0
331,Jason Kidd,2012-13,playoff,39,NYK,NBA,SG,12,0,247,3,25,.120,3,17,.176,0,8,.000,.180,2,2,1.000,7,35,42,24,12,4,13,12,11,,0
332,Jason Kidd,1994-95,regular,21,DAL,NBA,PG,79,79,2668,330,857,.385,70,257,.272,260,600,.433,.426,192,275,.698,152,278,430,607,151,24,250,146,922,,4
333,Jason Kidd,1995-96,regular,22,DAL,NBA,PG,81,81,3034,493,1293,.381,133,396,.336,360,897,.401,.433,229,331,.692,203,350,553,783,175,26,328,155,1348,,9
334,Jason Kidd,1996-97,regular,23,TOT,NBA,PG,55,45,1964,213,529,.403,61,165,.370,152,364,.418,.460,112,165,.679,64,185,249,496,124,20,142,114,599,,2
335,Jason Kidd,1996-97,regular,23,DAL,NBA,PG,22,22,791,75,203,.369,21,65,.323,54,138,.391,.421,46,69,.667,30,60,90,200,45,8,66,42,217,,0
336,Jason Kidd,1996-97,regular,23,PHO,NBA,PG,33,23,1173,138,326,.423,40,100,.400,98,226,.434,.485,66,96,.688,34,125,159,296,79,12,76,72,382,,2
337,Jason Kidd,1997-98,regular,24,PHO,NBA,PG,82,82,3118,357,859,.416,73,233,.313,284,626,.454,.458,167,209,.799,108,402,510,745,162,26,261,142,954,,4
338,Jason Kidd,1998-99,regular,25,PHO,NBA,PG,50,50,2060,310,698,.444,45,123,.366,265,575,.461,.476,181,239,.757,87,252,339,539,114,19,150,108,846,,7
339,Jason Kidd,1999-00,regular,26,PHO,NBA,PG,67,67,2616,350,855,.409,56,166,.337,294,689,.427,.442,203,245,.829,96,387,483,678,134,28,226,148,959,,5
340,Jason Kidd,2000-01,regular,27,PHO,NBA,PG,77,76,3065,451,1097,.411,69,232,.297,382,865,.442,.443,328,403,.814,91,403,494,753,166,23,286,171,1299,,7
341,Jason Kidd,2001-02,regular,28,NJN,NBA,PG,82,82,3056,445,1138,.391,117,364,.321,328,774,.424,.442,201,247,.814,130,465,595,808,175,20,286,136,1208,,8
342,Jason Kidd,2002-03,regular,29,NJN,NBA,PG,80,80,2989,515,1244,.414,126,370,.341,389,874,.445,.465,339,403,.841,110,394,504,711,179,25,296,127,1495,,4
343,Jason Kidd,2003-04,regular,30,NJN,NBA,PG,67,66,2450,368,959,.384,94,293,.321,274,666,.411,.433,206,249,.827,85,343,428,618,122,14,214,110,1036,,9
344,Jason Kidd,2004-05,regular,31,NJN,NBA,PG,66,65,2435,340,855,.398,129,358,.360,211,497,.425,.473,142,192,.740,94,394,488,545,123,9,167,110,951,,8
345,Jason Kidd,2005-06,regular,32,NJN,NBA,PG,80,80,2975,366,905,.404,139,395,.352,227,510,.445,.481,194,244,.795,86,494,580,672,150,29,192,157,1065,,8
346,Jason Kidd,2006-07,regular,33,NJN,NBA,PG,80,80,2933,369,908,.406,124,361,.343,245,547,.448,.475,179,230,.778,135,520,655,736,127,23,213,146,1041,,12
347,Jason Kidd,2007-08,regular,34,TOT,NBA,PG,80,80,2906,305,793,.385,119,312,.381,186,481,.387,.460,135,165,.818,94,506,600,806,136,26,266,165,864,,13
348,Jason Kidd,2007-08,regular,34,NJN,NBA,PG,51,51,1895,201,549,.366,84,236,.356,117,313,.374,.443,91,111,.820,58,354,412,530,74,15,185,90,577,,12
349,Jason Kidd,2007-08,regular,34,DAL,NBA,PG,29,29,1011,104,244,.426,35,76,.461,69,168,.411,.498,44,54,.815,36,152,188,276,62,11,81,75,287,,1
350,Jason Kidd,2008-09,regular,35,DAL,NBA,PG,81,81,2886,257,618,.416,131,323,.406,126,295,.427,.522,86,105,.819,85,415,500,702,160,39,185,168,731,,3
351,Jason Kidd,2009-10,regular,36,DAL,NBA,PG,80,80,2881,284,671,.423,176,414,.425,108,257,.420,.554,80,99,.808,48,397,445,724,145,35,195,142,824,,2
352,Jason Kidd,2010-11,regular,37,DAL,NBA,PG,80,80,2653,215,596,.361,133,391,.340,82,205,.400,.472,67,77,.870,35,316,351,655,134,29,179,119,630,,2
353,Jason Kidd,2011-12,regular,38,DAL,NBA,PG,48,48,1379,99,273,.363,79,223,.354,20,50,.400,.507,22,28,.786,15,183,198,264,82,10,91,83,299,,0
354,Jason Kidd,2012-13,regular,39,NYK,NBA,SG,76,48,2043,152,409,.372,114,325,.351,38,84,.452,.511,40,48,.833,50,273,323,249,125,25,76,125,458,,0
355,Kevin Garnett,1996-97,playoff,20,MIN,NBA,SF,3,3,125,24,51,.471,1,1,1.000,23,50,.460,.480,3,3,1.000,14,14,28,11,4,3,4,6,52,,0
356,Kevin Garnett,1997-98,playoff,21,MIN,NBA,PF,5,5,194,36,75,.480,0,0,,36,75,.480,.480,7,9,.778,17,31,48,20,4,12,22,17,79,,0
357,Kevin Garnett,1998-99,playoff,22,MIN,NBA,PF,4,4,170,35,79,.443,0,2,.000,35,77,.455,.443,17,23,.739,16,32,48,15,7,8,13,10,87,,0
358,Kevin Garnett,1999-00,playoff,23,MIN,NBA,PF,4,4,171,30,78,.385,2,3,.667,28,75,.373,.397,13,16,.813,13,30,43,35,5,3,11,12,75,,2
359,Kevin Garnett,2000-01,playoff,24,MIN,NBA,PF,4,4,165,27,58,.466,0,3,.000,27,55,.491,.466,30,36,.833,10,38,48,17,4,6,6,13,84,,0
360,Kevin Garnett,2001-02,playoff,25,MIN,NBA,PF,3,3,130,24,56,.429,1,2,.500,23,54,.426,.438,23,32,.719,16,40,56,15,5,5,12,11,72,,0
361,Kevin Garnett,2002-03,playoff,26,MIN,NBA,PF,6,6,265,71,138,.514,3,9,.333,68,129,.527,.525,17,28,.607,11,83,94,31,10,10,18,23,162,,0
362,Kevin Garnett,2003-04,playoff,27,MIN,NBA,PF,18,18,783,168,372,.452,5,16,.313,163,356,.458,.458,97,125,.776,39,224,263,92,24,41,75,57,438,,1
363,Kevin Garnett,2007-08,playoff,31,BOS,NBA,PF,26,26,987,217,438,.495,2,8,.250,215,430,.500,.498,94,116,.810,72,202,274,87,35,29,55,74,530,,0
364,Kevin Garnett,2009-10,playoff,33,BOS,NBA,PF,23,23,766,149,301,.495,0,2,.000,149,299,.498,.495,47,56,.839,32,138,170,58,26,20,31,74,345,,0
365,Kevin Garnett,2010-11,playoff,34,BOS,NBA,PF,9,9,328,56,127,.441,0,1,.000,56,126,.444,.441,22,29,.759,21,77,98,23,17,9,19,27,134,,0
366,Kevin Garnett,2011-12,playoff,35,BOS,NBA,C,20,20,737,159,320,.497,1,4,.250,158,316,.500,.498,65,80,.813,31,175,206,30,23,29,44,59,384,,0
367,Kevin Garnett,2012-13,playoff,36,BOS,NBA,C,6,6,212,30,60,.500,0,2,.000,30,58,.517,.500,16,17,.941,9,73,82,21,5,6,19,23,76,,0
368,Kevin Garnett,2013-14,playoff,37,BRK,NBA,C,12,12,250,33,63,.524,0,2,.000,33,61,.541,.524,17,23,.739,19,57,76,16,9,5,13,25,83,,0
369,Kevin Garnett,1995-96,regular,19,MIN,NBA,SF,80,43,2293,361,735,.491,8,28,.286,353,707,.499,.497,105,149,.705,175,326,501,145,86,131,110,189,835,,0
370,Kevin Garnett,1996-97,regular,20,MIN,NBA,SF,77,77,2995,549,1100,.499,6,21,.286,543,1079,.503,.502,205,272,.754,190,428,618,236,105,163,175,199,1309,,0
371,Kevin Garnett,1997-98,regular,21,MIN,NBA,PF,82,82,3222,635,1293,.491,3,16,.188,632,1277,.495,.492,245,332,.738,222,564,786,348,139,150,192,224,1518,,1
372,Kevin Garnett,1998-99,regular,22,MIN,NBA,PF,47,47,1780,414,900,.460,4,14,.286,410,886,.463,.462,145,206,.704,166,323,489,202,78,83,135,152,977,,0
373,Kevin Garnett,1999-00,regular,23,MIN,NBA,PF,81,81,3243,759,1526,.497,30,81,.370,729,1445,.504,.507,309,404,.765,223,733,956,401,120,126,268,205,1857,,1
374,Kevin Garnett,2000-01,regular,24,MIN,NBA,PF,81,81,3202,704,1475,.477,19,66,.288,685,1409,.486,.484,357,467,.764,219,702,921,401,111,145,230,204,1784,,2
375,Kevin Garnett,2001-02,regular,25,MIN,NBA,PF,81,81,3175,659,1401,.470,37,116,.319,622,1285,.484,.484,359,448,.801,243,738,981,422,96,126,229,184,1714,,0
376,Kevin Garnett,2002-03,regular,26,MIN,NBA,PF,82,82,3321,743,1481,.502,20,71,.282,723,1410,.513,.508,377,502,.751,244,858,1102,495,113,129,229,199,1883,,6
377,Kevin Garnett,2003-04,regular,27,MIN,NBA,PF,82,82,3231,804,1611,.499,11,43,.256,793,1568,.506,.502,368,465,.791,245,894,1139,409,120,178,212,202,1987,,2
378,Kevin Garnett,2004-05,regular,28,MIN,NBA,PF,82,82,3121,683,1360,.502,6,25,.240,677,1335,.507,.504,445,549,.811,247,861,1108,466,121,112,222,207,1817,,1
379,Kevin Garnett,2005-06,regular,29,MIN,NBA,PF,76,76,2957,626,1191,.526,8,30,.267,618,1161,.532,.529,396,489,.810,214,752,966,308,104,107,180,206,1656,,0
380,Kevin Garnett,2006-07,regular,30,MIN,NBA,PF,76,76,2995,638,1341,.476,12,56,.214,626,1285,.487,.480,416,498,.835,183,792,975,313,89,126,205,184,1704,,3
381,Kevin Garnett,2007-08,regular,31,BOS,NBA,PF,71,71,2328,534,990,.539,0,11,.000,534,979,.545,.539,269,336,.801,135,520,655,244,100,89,138,163,1337,,0
382,Kevin Garnett,2008-09,regular,32,BOS,NBA,PF,57,57,1772,393,740,.531,2,8,.250,391,732,.534,.532,111,132,.841,78,407,485,144,63,68,90,128,899,,0
383,Kevin Garnett,2009-10,regular,33,BOS,NBA,PF,69,69,2060,402,772,.521,1,5,.200,401,767,.523,.521,185,221,.837,78,428,506,185,68,57,101,170,990,,0
384,Kevin Garnett,2010-11,regular,34,BOS,NBA,PF,71,71,2220,434,822,.528,1,5,.200,433,817,.530,.529,187,217,.862,83,548,631,171,95,57,115,148,1056,,0
385,Kevin Garnett,2011-12,regular,35,BOS,NBA,C,60,60,1864,391,777,.503,3,9,.333,388,768,.505,.505,162,189,.857,66,428,494,175,56,61,107,141,947,,0
386,Kevin Garnett,2012-13,regular,36,BOS,NBA,C,68,68,2022,422,850,.496,2,16,.125,420,834,.504,.498,158,201,.786,75,455,530,159,78,62,110,154,1004,,0
387,Kevin Garnett,2013-14,regular,37,BRK,NBA,C,54,54,1109,157,356,.441,0,3,.000,157,353,.445,.441,38,47,.809,60,298,358,82,43,40,69,123,352,,0
388,Kevin Garnett,2014-15,regular,38,TOT,NBA,PF,47,47,952,143,306,.467,1,7,.143,142,299,.475,.469,36,45,.800,48,263,311,77,46,17,46,109,323,,0
389,Kevin Garnett,2014-15,regular,38,BRK,NBA,PF,42,42,854,125,275,.455,1,6,.167,124,269,.461,.456,34,41,.829,46,239,285,69,41,13,45,96,285,,0
390,Kevin Garnett,2014-15,regular,38,MIN,NBA,PF,5,5,98,18,31,.581,0,1,.000,18,30,.600,.581,2,4,.500,2,24,26,8,5,4,1,13,38,,0
391,Kevin Garnett,2015-16,regular,39,MIN,NBA,PF,38,38,556,54,115,.470,0,1,.000,54,114,.474,.470,14,21,.667,15,135,150,62,28,10,16,70,122,,0
392,Luke Walton,2003-04,playoff,23,LAL,NBA,PF,17,0,134,10,29,.345,5,13,.385,5,16,.313,.431,7,10,.700,5,17,22,26,7,2,14,24,32,,
393,Luke Walton,2005-06,playoff,25,LAL,NBA,SF,7,7,235,38,83,.458,4,11,.364,34,72,.472,.482,5,5,1.000,10,35,45,12,7,1,11,16,85,,
394,Luke Walton,2006-07,playoff,26,LAL,NBA,SF,5,5,128,14,36,.389,5,12,.417,9,24,.375,.458,3,4,.750,9,12,21,13,7,1,15,13,36,,
395,Luke Walton,2007-08,playoff,27,LAL,NBA,SF,21,0,353,44,97,.454,11,26,.423,33,71,.465,.510,26,36,.722,13,42,55,41,11,4,20,49,125,,
396,Luke Walton,2008-09,playoff,28,LAL,NBA,SF,21,0,332,32,75,.427,5,16,.313,27,59,.458,.460,11,18,.611,16,36,52,45,14,3,20,41,80,,
397,Luke Walton,2009-10,playoff,29,LAL,NBA,SF,16,0,96,7,23,.304,2,9,.222,5,14,.357,.348,2,4,.500,0,8,8,14,1,2,4,13,18,,
398,Luke Walton,2010-11,playoff,30,LAL,NBA,SF,1,0,4,0,2,.000,0,2,.000,0,0,,.000,0,0,,0,1,1,0,0,0,2,0,0,,
399,Luke Walton,2003-04,regular,23,LAL,NBA,PF,72,2,730,65,153,.425,13,39,.333,52,114,.456,.467,31,44,.705,39,88,127,113,28,8,44,70,174,,
400,Luke Walton,2004-05,regular,24,LAL,NBA,SF,61,5,768,74,180,.411,16,61,.262,58,119,.487,.456,34,48,.708,55,87,142,93,26,11,58,70,198,,
401,Luke Walton,2005-06,regular,25,LAL,NBA,SF,69,6,1333,135,328,.412,18,55,.327,117,273,.429,.439,57,76,.750,88,159,247,156,41,15,78,119,345,,
402,Luke Walton,2006-07,regular,26,LAL,NBA,SF,60,60,1982,264,557,.474,48,124,.387,216,433,.499,.517,108,145,.745,87,215,302,257,60,21,118,117,684,,
403,Luke Walton,2007-08,regular,27,LAL,NBA,SF,74,31,1729,215,478,.450,28,84,.333,187,394,.475,.479,77,109,.706,85,206,291,218,60,18,100,133,535,,
404,Luke Walton,2008-09,regular,28,LAL,NBA,SF,65,34,1166,134,307,.436,17,57,.298,117,250,.468,.464,41,57,.719,55,125,180,177,32,10,69,105,326,,
405,Luke Walton,2009-10,regular,29,LAL,NBA,SF,29,0,272,30,84,.357,7,17,.412,23,67,.343,.399,2,4,.500,12,26,38,40,10,1,12,19,69,,
406,Luke Walton,2010-11,regular,30,LAL,NBA,SF,54,0,484,38,116,.328,8,34,.235,30,82,.366,.362,7,10,.700,9,58,67,62,9,4,31,38,91,,
407,Luke Walton,2011-12,regular,31,TOT,NBA,"PF,SF",30,0,364,24,65,.369,7,20,.350,17,45,.378,.423,0,0,,13,36,49,35,5,1,27,41,55,,
408,Luke Walton,2011-12,regular,31,LAL,NBA,SF,9,0,65,6,14,.429,0,4,.000,6,10,.600,.429,0,0,,6,8,14,5,2,0,2,9,12,,
409,Luke Walton,2011-12,regular,31,CLE,NBA,PF,21,0,299,18,51,.353,7,16,.438,11,35,.314,.422,0,0,,7,28,35,30,3,1,25,32,43,,
410,Luke Walton,2012-13,regular,32,CLE,NBA,PF,50,0,857,71,181,.392,20,67,.299,51,114,.447,.448,10,20,.500,38,107,145,166,42,13,60,98,172,,
411,Paul Pierce,2001-02,playoff,24,BOS,NBA,SG,16,16,672,122,303,.403,30,104,.288,92,199,.462,.452,120,157,.764,27,110,137,66,27,20,61,52,394,,0
412,Paul Pierce,2002-03,playoff,25,BOS,NBA,SG,10,10,445,77,193,.399,16,45,.356,61,148,.412,.440,101,117,.863,11,79,90,67,21,8,44,38,271,,1
413,Paul Pierce,2003-04,playoff,26,BOS,NBA,SG,4,4,162,26,76,.342,5,17,.294,21,59,.356,.375,26,31,.839,6,29,35,10,5,4,25,12,83,,0
414,Paul Pierce,2004-05,playoff,27,BOS,NBA,SF,7,7,277,47,93,.505,7,27,.259,40,66,.606,.543,59,68,.868,7,47,54,32,13,10,19,18,160,,0
415,Paul Pierce,2007-08,playoff,30,BOS,NBA,SF,26,26,990,163,370,.441,43,119,.361,120,251,.478,.499,142,177,.802,21,108,129,119,28,8,82,90,511,,0
416,Paul Pierce,2008-09,playoff,31,BOS,NBA,SF,14,14,556,95,221,.430,19,57,.333,76,164,.463,.473,85,101,.842,4,77,81,43,15,5,33,44,294,,0
417,Paul Pierce,2009-10,playoff,32,BOS,NBA,SF,24,24,930,147,336,.438,40,102,.392,107,234,.457,.497,117,142,.824,20,123,143,82,24,14,64,80,451,,0
418,Paul Pierce,2010-11,playoff,33,BOS,NBA,SF,9,9,343,68,148,.459,21,47,.447,47,101,.465,.530,30,34,.882,5,40,45,25,12,4,24,30,187,,0
419,Paul Pierce,2011-12,playoff,34,BOS,NBA,SF,20,20,778,120,311,.386,27,87,.310,93,224,.415,.429,110,123,.894,14,107,121,62,30,18,56,68,377,,0
420,Paul Pierce,2012-13,playoff,35,BOS,NBA,SF,6,6,255,39,106,.368,11,41,.268,28,65,.431,.420,26,29,.897,4,30,34,32,5,3,32,21,115,,0
421,Paul Pierce,2013-14,playoff,36,BRK,NBA,SF,12,12,368,60,129,.465,19,53,.358,41,76,.539,.539,25,32,.781,4,50,54,24,14,4,20,44,164,,0
422,Paul Pierce,2014-15,playoff,37,WAS,NBA,SF,10,10,298,48,99,.485,33,63,.524,15,36,.417,.652,17,20,.850,0,42,42,9,6,7,10,33,146,,0
423,Paul Pierce,2015-16,playoff,38,LAC,NBA,SF,5,1,54,2,12,.167,1,5,.200,1,7,.143,.208,1,4,.250,0,6,6,1,2,0,2,6,6,,0
424,Paul Pierce,2016-17,playoff,39,LAC,NBA,SF,7,0,101,8,18,.444,4,10,.400,4,8,.500,.556,1,1,1.000,2,12,14,7,2,0,4,11,21,,0
425,Paul Pierce,1998-99,regular,21,BOS,NBA,SF,48,47,1632,284,647,.439,84,204,.412,200,443,.451,.504,139,195,.713,117,192,309,115,82,50,113,139,791,,0
426,Paul Pierce,1999-00,regular,22,BOS,NBA,SF,73,72,2583,486,1099,.442,96,280,.343,390,819,.476,.486,359,450,.798,83,313,396,221,152,62,178,237,1427,,0
427,Paul Pierce,2000-01,regular,23,BOS,NBA,SF,82,82,3120,687,1513,.454,147,384,.383,540,1129,.478,.503,550,738,.745,94,428,522,253,138,69,262,251,2071,,0
428,Paul Pierce,2001-02,regular,24,BOS,NBA,SG,82,82,3302,707,1598,.442,210,520,.404,497,1078,.461,.508,520,643,.809,81,485,566,261,154,86,241,237,2144,,0
429,Paul Pierce,2002-03,regular,25,BOS,NBA,SG,79,79,3096,663,1592,.416,118,391,.302,545,1201,.454,.454,604,753,.802,106,472,578,349,139,62,288,227,2048,,1
430,Paul Pierce,2003-04,regular,26,BOS,NBA,SG,80,80,3099,602,1497,.402,115,384,.299,487,1113,.438,.441,517,631,.819,69,453,522,410,131,52,303,234,1836,,1
431,Paul Pierce,2004-05,regular,27,BOS,NBA,SF,82,82,2960,556,1223,.455,108,292,.370,448,931,.481,.499,549,668,.822,78,461,539,348,133,39,230,255,1769,,2
432,Paul Pierce,2005-06,regular,28,BOS,NBA,SF,79,79,3084,689,1462,.471,111,314,.354,578,1148,.503,.509,627,812,.772,77,453,530,375,107,34,273,223,2116,,1
433,Paul Pierce,2006-07,regular,29,BOS,NBA,SG,47,46,1740,373,850,.439,107,275,.389,266,575,.463,.502,320,402,.796,39,238,277,194,48,13,152,122,1173,,0
434,Paul Pierce,2007-08,regular,30,BOS,NBA,SF,80,80,2874,509,1098,.464,143,365,.392,366,733,.499,.529,409,485,.843,53,358,411,363,101,36,221,200,1570,,0
435,Paul Pierce,2008-09,regular,31,BOS,NBA,SF,81,81,3035,540,1181,.457,119,304,.391,421,877,.480,.508,459,553,.830,56,401,457,294,80,27,228,215,1658,,0
436,Paul Pierce,2009-10,regular,32,BOS,NBA,SF,71,71,2411,409,867,.472,109,263,.414,300,604,.497,.535,369,433,.852,39,271,310,218,84,31,166,196,1296,,0
437,Paul Pierce,2010-11,regular,33,BOS,NBA,SF,80,80,2774,507,1021,.497,111,297,.374,396,724,.547,.551,386,449,.860,34,396,430,260,80,51,171,231,1511,,1
438,Paul Pierce,2011-12,regular,34,BOS,NBA,SF,61,61,2075,394,890,.443,100,273,.366,294,617,.476,.499,293,344,.852,37,280,317,274,70,26,173,147,1181,,0
439,Paul Pierce,2012-13,regular,35,BOS,NBA,SF,77,77,2575,476,1092,.436,145,382,.380,331,710,.466,.502,333,423,.787,45,442,487,370,84,30,214,210,1430,,3
440,Paul Pierce,2013-14,regular,36,BRK,NBA,SF,75,68,2098,321,712,.451,112,300,.373,209,412,.507,.529,256,310,.826,26,322,348,178,86,31,153,190,1010,,0
441,Paul Pierce,2014-15,regular,37,WAS,NBA,SF,73,73,1914,293,656,.447,118,303,.389,175,353,.496,.537,164,210,.781,45,249,294,144,46,24,92,160,868,,0
442,Paul Pierce,2015-16,regular,38,LAC,NBA,SF,68,38,1231,144,397,.363,75,242,.310,69,155,.445,.457,54,66,.818,12,174,186,71,33,17,58,129,417,,0
443,Paul Pierce,2016-17,regular,39,LAC,NBA,SF,25,7,277,28,70,.400,15,43,.349,13,27,.481,.507,10,13,.769,1,47,48,10,4,5,16,40,81,,0
444,Rajon Rondo,2007-08,playoff,21,BOS,NBA,PG,26,26,831,107,263,.407,5,20,.250,102,243,.420,.416,47,68,.691,39,68,107,172,45,8,47,74,266,,0
445,Rajon Rondo,2008-09,playoff,22,BOS,NBA,PG,14,14,577,93,223,.417,6,24,.250,87,199,.437,.430,44,67,.657,32,104,136,137,35,3,38,47,236,,3
446,Rajon Rondo,2009-10,playoff,23,BOS,NBA,PG,24,24,975,151,326,.463,9,24,.375,142,302,.470,.477,68,114,.596,38,96,134,223,46,3,72,57,379,,2
447,Rajon Rondo,2010-11,playoff,24,BOS,NBA,PG,9,9,345,51,107,.477,0,3,.000,51,104,.490,.477,24,38,.632,11,38,49,86,10,0,33,16,126,,1
448,Rajon Rondo,2011-12,playoff,25,BOS,NBA,PG,19,19,810,141,301,.468,8,30,.267,133,271,.491,.482,39,56,.696,35,93,128,227,45,2,72,40,329,,4
449,Rajon Rondo,2014-15,playoff,28,DAL,NBA,PG,2,2,37,9,20,.450,1,2,.500,8,18,.444,.475,0,0,,1,1,2,6,0,0,2,6,19,,0
450,Rajon Rondo,2016-17,playoff,30,CHI,NBA,PG,2,2,67,11,26,.423,0,6,.000,11,20,.550,.423,1,2,.500,7,10,17,20,7,1,4,6,23,,0
451,Rajon Rondo,2017-18,playoff,31,NOP,NBA,PG,9,9,302,38,92,.413,8,19,.421,30,73,.411,.457,9,14,.643,9,59,68,110,13,2,33,20,93,,0
452,Rajon Rondo,2019-20,playoff,33,LAL,NBA,PG,16,0,395,55,121,.455,20,50,.400,35,71,.493,.537,13,19,.684,13,56,69,105,22,2,34,36,143,,0
453,Rajon Rondo,2020-21,playoff,34,LAC,NBA,PG,13,0,220,18,53,.340,11,28,.393,7,25,.280,.443,8,12,.667,4,30,34,50,5,3,14,18,55,,0
454,Rajon Rondo,2006-07,regular,20,BOS,NBA,PG,78,25,1831,188,450,.418,6,29,.207,182,421,.432,.424,119,184,.647,74,218,292,297,128,8,137,181,501,,0
455,Rajon Rondo,2007-08,regular,21,BOS,NBA,PG,77,77,2306,351,713,.492,5,19,.263,346,694,.499,.496,107,175,.611,78,244,322,393,129,13,147,187,814,,0
456,Rajon Rondo,2008-09,regular,22,BOS,NBA,PG,80,80,2642,383,759,.505,15,48,.313,368,711,.518,.514,172,268,.642,100,316,416,659,149,11,209,193,953,,2
457,Rajon Rondo,2009-10,regular,23,BOS,NBA,PG,81,81,2963,459,904,.508,17,80,.213,442,824,.536,.517,175,282,.621,100,260,360,794,189,11,246,198,1110,,2
458,Rajon Rondo,2010-11,regular,24,BOS,NBA,PG,68,68,2527,318,670,.475,10,43,.233,308,627,.491,.482,75,132,.568,87,210,297,760,153,11,234,120,721,,3
459,Rajon Rondo,2011-12,regular,25,BOS,NBA,PG,53,53,1957,256,572,.448,10,42,.238,246,530,.464,.456,108,181,.597,62,195,257,620,95,3,193,99,630,,6
460,Rajon Rondo,2012-13,regular,26,BOS,NBA,PG,38,38,1423,225,465,.484,12,50,.240,213,415,.513,.497,60,93,.645,43,169,212,420,70,9,148,96,522,,5
461,Rajon Rondo,2013-14,regular,27,BOS,NBA,PG,30,30,998,141,350,.403,26,90,.289,115,260,.442,.440,42,67,.627,22,142,164,294,40,2,99,65,350,,1
462,Rajon Rondo,2014-15,regular,28,TOT,NBA,PG,68,68,2018,275,645,.426,27,86,.314,248,559,.444,.447,31,78,.397,73,300,373,538,91,7,210,153,608,,3
463,Rajon Rondo,2014-15,regular,28,BOS,NBA,PG,22,22,699,81,200,.405,8,32,.250,73,168,.435,.425,12,36,.333,25,140,165,237,37,3,75,42,182,,3
464,Rajon Rondo,2014-15,regular,28,DAL,NBA,PG,46,46,1319,194,445,.436,19,54,.352,175,391,.448,.457,19,42,.452,48,160,208,301,54,4,135,111,426,,0
465,Rajon Rondo,2015-16,regular,29,SAC,NBA,PG,72,72,2537,355,782,.454,62,170,.365,293,612,.479,.494,87,150,.580,77,358,435,839,141,10,278,175,859,,6
466,Rajon Rondo,2016-17,regular,30,CHI,NBA,PG,69,42,1843,229,561,.408,50,133,.376,179,428,.418,.453,30,50,.600,73,282,355,461,99,11,169,144,538,,1
467,Rajon Rondo,2017-18,regular,31,NOP,NBA,PG,65,63,1705,231,494,.468,50,150,.333,181,344,.526,.518,25,46,.543,31,232,263,533,70,10,151,119,537,,2
468,Rajon Rondo,2018-19,regular,32,LAL,NBA,PG,46,29,1369,175,432,.405,51,142,.359,124,290,.428,.464,23,36,.639,34,209,243,367,57,7,127,100,424,,1
469,Rajon Rondo,2019-20,regular,33,LAL,NBA,PG,48,3,984,137,328,.418,41,125,.328,96,203,.473,.480,27,41,.659,23,119,142,240,40,2,91,58,342,,0
470,Rajon Rondo,2020-21,regular,34,TOT,NBA,PG,45,3,770,95,215,.442,36,89,.404,59,126,.468,.526,16,17,.941,18,92,110,199,37,4,79,53,242,,0
471,Rajon Rondo,2020-21,regular,34,ATL,NBA,PG,27,2,402,44,110,.400,17,45,.378,27,65,.415,.477,1,2,.500,4,51,55,95,19,2,39,25,106,,0
472,Rajon Rondo,2020-21,regular,34,LAC,NBA,PG,18,1,368,51,105,.486,19,44,.432,32,61,.525,.576,15,15,1.000,14,41,55,104,18,2,40,28,136,,0
473,Rajon Rondo,2021-22,regular,35,TOT,NBA,PG,39,1,698,68,176,.386,31,88,.352,37,88,.420,.474,19,26,.731,15,93,108,170,30,6,68,56,186,,0
474,Rajon Rondo,2021-22,regular,35,LAL,NBA,PG,18,0,289,23,71,.324,8,30,.267,15,41,.366,.380,1,2,.500,10,39,49,67,12,5,34,25,55,,0
475,Rajon Rondo,2021-22,regular,35,CLE,NBA,PG,21,1,409,45,105,.429,23,58,.397,22,47,.468,.538,18,24,.750,5,54,59,103,18,1,34,31,131,,0
476,Ray Allen,1998-99,playoff,23,MIL,NBA,SG,3,3,120,25,47,.532,9,19,.474,16,28,.571,.628,8,13,.615,8,14,22,13,3,1,11,9,67,,
477,Ray Allen,1999-00,playoff,24,MIL,NBA,SG,5,5,186,40,90,.444,10,26,.385,30,64,.469,.500,20,22,.909,10,23,33,13,8,0,9,10,110,,
478,Ray Allen,2000-01,playoff,25,MIL,NBA,SG,18,18,768,158,331,.477,57,119,.479,101,212,.476,.563,79,86,.919,19,55,74,108,24,10,43,44,452,,
479,Ray Allen,2004-05,playoff,29,SEA,NBA,SG,11,11,436,102,215,.474,31,82,.378,71,133,.534,.547,56,63,.889,12,35,47,43,14,4,34,22,291,,
480,Ray Allen,2007-08,playoff,32,BOS,NBA,SG,26,26,987,133,311,.428,55,139,.396,78,172,.453,.516,84,92,.913,25,73,98,71,24,8,38,63,405,,
481,Ray Allen,2008-09,playoff,33,BOS,NBA,SG,14,14,565,83,206,.403,35,100,.350,48,106,.453,.488,55,58,.948,13,42,55,37,15,5,25,35,256,,
482,Ray Allen,2009-10,playoff,34,BOS,NBA,SG,24,24,925,131,304,.431,56,145,.386,75,159,.472,.523,69,80,.863,12,68,80,63,22,3,36,74,387,,
483,Ray Allen,2010-11,playoff,35,BOS,NBA,SG,9,9,361,57,109,.523,32,56,.571,25,53,.472,.670,24,25,.960,5,29,34,22,11,1,10,21,170,,
484,Ray Allen,2011-12,playoff,36,BOS,NBA,SG,18,10,616,66,167,.395,28,92,.304,38,75,.507,.479,32,45,.711,8,66,74,18,17,2,17,41,192,,
485,Ray Allen,2012-13,playoff,37,MIA,NBA,SG,23,0,573,74,172,.430,39,96,.406,35,76,.461,.544,47,54,.870,13,51,64,29,12,3,27,42,234,,
486,Ray Allen,2013-14,playoff,38,MIA,NBA,SG,20,1,527,59,143,.413,33,85,.388,26,58,.448,.528,34,37,.919,13,54,67,32,14,4,24,41,185,,
487,Ray Allen,1996-97,regular,21,MIL,NBA,SG,82,81,2532,390,908,.430,117,298,.393,273,610,.448,.494,205,249,.823,97,229,326,210,75,10,149,218,1102,,0
488,Ray Allen,1997-98,regular,22,MIL,NBA,SG,82,82,3287,563,1315,.428,134,368,.364,429,947,.453,.479,342,391,.875,127,278,405,356,111,12,263,244,1602,,0
489,Ray Allen,1998-99,regular,23,MIL,NBA,SG,50,50,1719,303,673,.450,74,208,.356,229,465,.492,.505,176,195,.903,57,155,212,178,53,7,122,117,856,,0
490,Ray Allen,1999-00,regular,24,MIL,NBA,SG,82,82,3070,642,1411,.455,172,407,.423,470,1004,.468,.516,353,398,.887,83,276,359,308,110,19,183,187,1809,,0
491,Ray Allen,2000-01,regular,25,MIL,NBA,SG,82,82,3129,628,1309,.480,202,467,.433,426,842,.506,.557,348,392,.888,101,327,428,374,124,20,204,192,1806,,1
492,Ray Allen,2001-02,regular,26,MIL,NBA,SG,69,67,2525,530,1148,.462,229,528,.434,301,620,.485,.561,214,245,.873,81,231,312,271,88,18,159,157,1503,,0
493,Ray Allen,2002-03,regular,27,TOT,NBA,SG,76,75,2880,598,1363,.439,201,533,.377,397,830,.478,.512,316,345,.916,94,287,381,334,103,14,198,220,1713,,1
494,Ray Allen,2002-03,regular,27,MIL,NBA,SG,47,46,1683,351,803,.437,123,311,.395,228,492,.463,.514,178,195,.913,45,173,218,164,57,11,117,149,1003,,0
495,Ray Allen,2002-03,regular,27,SEA,NBA,SG,29,29,1197,247,560,.441,78,222,.351,169,338,.500,.511,138,150,.920,49,114,163,170,46,3,81,71,710,,1
496,Ray Allen,2003-04,regular,28,SEA,NBA,SG,56,56,2152,447,1017,.440,148,378,.392,299,639,.468,.512,245,271,.904,69,217,286,268,71,11,156,132,1287,,1
497,Ray Allen,2004-05,regular,29,SEA,NBA,SG,78,78,3064,640,1494,.428,209,556,.376,431,938,.459,.498,378,428,.883,79,268,347,289,84,5,171,167,1867,,0
498,Ray Allen,2005-06,regular,30,SEA,NBA,SG,78,78,3022,681,1500,.454,269,653,.412,412,847,.486,.544,324,359,.903,71,261,332,286,105,16,188,151,1955,,0
499,Ray Allen,2006-07,regular,31,SEA,NBA,SG,55,55,2219,505,1153,.438,165,443,.372,340,710,.479,.510,279,309,.903,57,190,247,228,82,11,154,113,1454,,0
500,Ray Allen,2007-08,regular,32,BOS,NBA,SG,73,73,2624,439,986,.445,180,452,.398,259,534,.485,.537,215,237,.907,75,193,268,225,65,16,127,147,1273,,0
501,Ray Allen,2008-09,regular,33,BOS,NBA,SG,79,79,2876,499,1040,.480,199,486,.409,300,554,.542,.575,237,249,.952,66,212,278,218,69,13,134,157,1434,,0
502,Ray Allen,2009-10,regular,34,BOS,NBA,SG,80,80,2819,464,973,.477,145,399,.363,319,574,.556,.551,231,253,.913,45,208,253,210,64,25,129,182,1304,,0
503,Ray Allen,2010-11,regular,35,BOS,NBA,SG,80,80,2890,480,978,.491,168,378,.444,312,600,.520,.577,193,219,.881,51,223,274,219,77,16,117,147,1321,,0
504,Ray Allen,2011-12,regular,36,BOS,NBA,SG,46,42,1565,226,493,.458,106,234,.453,120,259,.463,.566,97,106,.915,14,128,142,109,49,8,68,83,655,,0
505,Ray Allen,2012-13,regular,37,MIA,NBA,SG,79,0,2035,292,651,.449,139,332,.419,153,319,.480,.555,140,158,.886,40,177,217,135,67,15,103,129,863,,0
506,Ray Allen,2013-14,regular,38,MIA,NBA,SG,73,9,1936,240,543,.442,116,309,.375,124,234,.530,.549,105,116,.905,23,182,205,143,54,8,84,115,701,,0
507,Shannon Brown,2006-07,playoff,21,CLE,NBA,SG,1,0,0,0,0,,0,0,,0,0,,,0,0,,0,0,0,0,0,0,0,0,0,,
508,Shannon Brown,2008-09,playoff,23,LAL,NBA,SG,21,0,276,36,83,.434,12,25,.480,24,58,.414,.506,19,24,.792,8,17,25,13,10,2,10,27,103,,
509,Shannon Brown,2009-10,playoff,24,LAL,NBA,SG,23,0,324,42,107,.393,9,32,.281,33,75,.440,.435,20,28,.714,7,22,29,20,10,7,13,37,113,,
510,Shannon Brown,2010-11,playoff,25,LAL,NBA,SG,10,0,166,28,61,.459,7,25,.280,21,36,.583,.516,9,14,.643,5,14,19,7,6,2,9,10,72,,
511,Shannon Brown,2006-07,regular,21,CLE,NBA,SG,23,5,202,28,74,.378,7,25,.280,21,49,.429,.426,10,14,.714,6,15,21,10,7,3,14,24,73,,
512,Shannon Brown,2007-08,regular,22,TOT,NBA,SG,21,4,240,44,126,.349,9,30,.300,35,96,.365,.385,17,29,.586,6,14,20,17,11,3,24,29,114,,
513,Shannon Brown,2007-08,regular,22,CLE,NBA,SG,15,4,218,41,111,.369,9,29,.310,32,82,.390,.410,14,23,.609,5,13,18,17,10,1,19,27,105,,
514,Shannon Brown,2007-08,regular,22,CHI,NBA,SG,6,0,22,3,15,.200,0,1,.000,3,14,.214,.200,3,6,.500,1,1,2,0,1,2,5,2,9,,
515,Shannon Brown,2008-09,regular,23,TOT,NBA,SG,48,0,477,78,165,.473,14,37,.378,64,128,.500,.515,32,39,.821,11,33,44,38,22,7,38,42,202,,
516,Shannon Brown,2008-09,regular,23,CHA,NBA,SG,30,0,341,56,123,.455,8,28,.286,48,95,.505,.488,24,30,.800,8,16,24,28,18,5,29,33,144,,
517,Shannon Brown,2008-09,regular,23,LAL,NBA,SG,18,0,136,22,42,.524,6,9,.667,16,33,.485,.595,8,9,.889,3,17,20,10,4,2,9,9,58,,
518,Shannon Brown,2009-10,regular,24,LAL,NBA,SG,82,7,1700,253,592,.427,62,189,.328,191,403,.474,.480,99,121,.818,30,153,183,108,57,31,67,129,667,,
519,Shannon Brown,2010-11,regular,25,LAL,NBA,SG,82,0,1568,273,643,.425,74,212,.349,199,431,.462,.482,92,101,.911,35,122,157,96,67,16,75,124,712,,
520,Shannon Brown,2011-12,regular,26,PHO,NBA,SG,59,19,1400,251,598,.420,68,188,.362,183,410,.446,.477,80,99,.808,38,119,157,69,44,15,64,66,650,,
521,Shannon Brown,2012-13,regular,27,PHO,NBA,SG,59,22,1402,240,571,.420,39,141,.277,201,430,.467,.454,98,125,.784,44,105,149,108,59,15,74,92,617,,
522,Shannon Brown,2013-14,regular,28,TOT,NBA,SG,29,1,251,24,66,.364,0,2,.000,24,64,.375,.364,15,21,.714,7,21,28,9,13,0,18,24,63,,
523,Shannon Brown,2013-14,regular,28,SAS,NBA,SG,10,1,103,8,28,.286,0,2,.000,8,26,.308,.286,7,9,.778,1,12,13,5,1,0,8,12,23,,
524,Shannon Brown,2013-14,regular,28,NYK,NBA,SG,19,0,148,16,38,.421,0,0,,16,38,.421,.421,8,12,.667,6,9,15,4,12,0,10,12,40,,
525,Shannon Brown,2014-15,regular,29,MIA,NBA,SG,5,2,89,7,19,.368,3,7,.429,4,12,.333,.447,3,4,.750,0,1,1,3,4,0,4,8,20,,
526,J.R. Smith,2006-07,playoff,21,DEN,NBA,SG,4,0,47,6,22,.273,0,12,.000,6,10,.600,.273,6,6,1.000,1,8,9,2,4,1,3,6,18,,
527,J.R. Smith,2007-08,playoff,22,DEN,NBA,SG,4,0,108,23,43,.535,7,22,.318,16,21,.762,.616,20,24,.833,1,6,7,7,4,0,5,12,73,,
528,J.R. Smith,2008-09,playoff,23,DEN,NBA,SG,16,0,435,88,194,.454,38,106,.358,50,88,.568,.552,25,46,.543,11,42,53,45,17,4,26,51,239,,
529,J.R. Smith,2009-10,playoff,24,DEN,NBA,SG,6,0,159,21,57,.368,11,31,.355,10,26,.385,.465,14,16,.875,5,18,23,10,4,2,6,17,67,,
530,J.R. Smith,2010-11,playoff,25,DEN,NBA,SF,5,0,76,16,45,.356,9,21,.429,7,24,.292,.456,8,11,.727,1,9,10,5,2,0,8,8,49,,
531,J.R. Smith,2011-12,playoff,26,NYK,NBA,SG,5,0,175,24,76,.316,5,28,.179,19,48,.396,.349,8,8,1.000,2,11,13,11,6,1,11,19,61,,
532,J.R. Smith,2012-13,playoff,27,NYK,NBA,SG,11,0,351,54,163,.331,18,66,.273,36,97,.371,.387,31,43,.721,6,46,52,15,11,5,20,27,157,,
533,J.R. Smith,2014-15,playoff,29,CLE,NBA,SG,18,4,560,83,206,.403,51,142,.359,32,64,.500,.527,14,20,.700,9,76,85,22,17,10,15,54,231,,
534,J.R. Smith,2015-16,playoff,30,CLE,NBA,SG,21,21,730,82,188,.436,65,151,.430,17,37,.459,.609,13,21,.619,7,60,67,29,26,5,11,55,242,,
535,J.R. Smith,2016-17,playoff,31,CLE,NBA,SG,18,18,487,50,99,.505,40,80,.500,10,19,.526,.707,5,11,.455,5,37,42,13,13,6,12,41,145,,
536,J.R. Smith,2017-18,playoff,32,CLE,NBA,SG,22,21,706,65,187,.348,44,120,.367,21,67,.313,.465,17,22,.773,10,50,60,25,21,4,19,54,191,,
537,J.R. Smith,2019-20,playoff,34,LAL,NBA,SG,10,0,75,7,26,.269,6,22,.273,1,4,.250,.385,0,0,,0,3,3,3,2,0,7,11,20,,
538,J.R. Smith,2004-05,regular,19,NOH,NBA,SG,76,56,1859,295,748,.394,81,281,.288,214,467,.458,.449,111,161,.689,39,113,152,142,55,11,109,135,782,,
539,J.R. Smith,2005-06,regular,20,NOK,NBA,SG,55,25,989,144,366,.393,52,140,.371,92,226,.407,.464,83,101,.822,19,91,110,58,37,4,54,90,423,,
540,J.R. Smith,2006-07,regular,21,DEN,NBA,SG,63,24,1471,284,644,.441,149,382,.390,135,262,.515,.557,102,126,.810,30,113,143,91,49,9,85,147,819,,
541,J.R. Smith,2007-08,regular,22,DEN,NBA,SG,74,0,1421,311,674,.461,157,390,.403,154,284,.542,.578,128,178,.719,43,109,152,128,62,12,112,144,907,,
542,J.R. Smith,2008-09,regular,23,DEN,NBA,SG,81,18,2245,424,950,.446,180,453,.397,244,497,.491,.541,205,272,.754,43,254,297,227,78,14,150,190,1233,,
543,J.R. Smith,2009-10,regular,24,DEN,NBA,SG,75,0,2082,428,1033,.414,158,467,.338,270,566,.477,.491,142,201,.706,28,206,234,183,99,20,139,174,1156,,
544,J.R. Smith,2010-11,regular,25,DEN,NBA,SF,79,6,1968,341,784,.435,124,318,.390,217,466,.466,.514,163,221,.738,45,277,322,175,92,16,100,173,969,,
545,J.R. Smith,2011-12,regular,26,NYK,NBA,SG,35,1,967,165,405,.407,67,193,.347,98,212,.462,.490,39,55,.709,29,107,136,84,54,6,46,87,436,,
546,J.R. Smith,2012-13,regular,27,NYK,NBA,SG,80,0,2678,527,1249,.422,155,436,.356,372,813,.458,.484,237,311,.762,64,361,425,218,100,24,134,226,1446,,
547,J.R. Smith,2013-14,regular,28,NYK,NBA,SF,74,37,2421,396,955,.415,189,480,.394,207,475,.436,.514,90,138,.652,35,261,296,219,65,20,108,196,1071,,
548,J.R. Smith,2014-15,regular,29,TOT,NBA,SG,70,51,2080,315,755,.417,163,426,.383,152,329,.462,.525,54,72,.750,30,188,218,195,82,22,97,163,847,,
549,J.R. Smith,2014-15,regular,29,NYK,NBA,SG,24,6,619,101,251,.402,32,90,.356,69,161,.429,.466,27,39,.692,4,54,58,81,18,4,45,44,261,,
550,J.R. Smith,2014-15,regular,29,CLE,NBA,SG,46,45,1461,214,504,.425,131,336,.390,83,168,.494,.555,27,33,.818,26,134,160,114,64,18,52,119,586,,
551,J.R. Smith,2015-16,regular,30,CLE,NBA,SG,77,77,2362,353,850,.415,204,510,.400,149,340,.438,.535,45,71,.634,43,174,217,130,81,21,59,204,955,,
552,J.R. Smith,2016-17,regular,31,CLE,NBA,SG,41,35,1187,123,356,.346,95,271,.351,28,85,.329,.479,10,15,.667,17,96,113,62,40,11,26,77,351,,
553,J.R. Smith,2017-18,regular,32,CLE,NBA,SG,80,61,2244,240,595,.403,143,381,.375,97,214,.453,.524,39,56,.696,29,206,235,141,68,11,81,161,662,,
554,J.R. Smith,2018-19,regular,33,CLE,NBA,SG,11,4,222,27,79,.342,12,39,.308,15,40,.375,.418,8,10,.800,0,18,18,21,11,3,11,19,74,,
555,J.R. Smith,2019-20,regular,34,LAL,NBA,SG,6,0,79,7,22,.318,1,11,.091,6,11,.545,.341,2,2,1.000,0,5,5,3,1,0,4,5,17,,
556,Chris Bosh,2006-07,playoff,22,TOR,NBA,C,6,6,222,36,91,.396,1,5,.200,35,86,.407,.401,32,38,.842,7,47,54,15,5,11,12,19,105,,
557,Chris Bosh,2007-08,playoff,23,TOR,NBA,C,5,5,199,42,89,.472,1,7,.143,41,82,.500,.478,35,42,.833,20,25,45,18,8,2,13,19,120,,
558,Chris Bosh,2010-11,playoff,26,MIA,NBA,PF,21,21,834,138,291,.474,0,4,.000,138,287,.481,.474,114,140,.814,47,131,178,23,14,19,40,48,390,,
559,Chris Bosh,2011-12,playoff,27,MIA,NBA,PF,14,10,439,73,148,.493,7,13,.538,66,135,.489,.517,43,52,.827,36,73,109,8,6,14,20,20,196,,
560,Chris Bosh,2012-13,playoff,28,MIA,NBA,C,23,23,751,110,240,.458,15,37,.405,95,203,.468,.490,44,60,.733,38,129,167,34,23,36,27,67,279,,
561,Chris Bosh,2013-14,playoff,29,MIA,NBA,C,20,20,686,116,229,.507,30,74,.405,86,155,.555,.572,36,48,.750,24,88,112,21,17,20,14,51,298,,
562,Chris Bosh,2003-04,regular,19,TOR,NBA,C,75,63,2510,327,712,.459,5,14,.357,322,698,.461,.463,202,288,.701,191,366,557,78,59,106,107,215,861,,
563,Chris Bosh,2004-05,regular,20,TOR,NBA,PF,81,81,3017,473,1005,.471,3,10,.300,470,995,.472,.472,412,542,.760,194,524,718,153,76,113,187,226,1361,,
564,Chris Bosh,2005-06,regular,21,TOR,NBA,C,70,70,2751,549,1087,.505,0,13,.000,549,1074,.511,.505,474,581,.816,204,443,647,181,50,79,157,209,1572,,
565,Chris Bosh,2006-07,regular,22,TOR,NBA,C,69,69,2658,543,1094,.496,12,35,.343,531,1059,.501,.502,463,590,.785,186,555,741,175,39,90,179,163,1561,,
566,Chris Bosh,2007-08,regular,23,TOR,NBA,C,67,67,2425,507,1027,.494,10,25,.400,497,1002,.496,.499,472,559,.844,174,409,583,171,63,67,153,157,1496,,
567,Chris Bosh,2008-09,regular,24,TOR,NBA,C,77,77,2928,615,1263,.487,12,49,.245,603,1214,.497,.492,504,617,.817,215,556,771,191,67,77,174,189,1746,,
568,Chris Bosh,2009-10,regular,25,TOR,NBA,C,70,70,2526,600,1158,.518,8,22,.364,592,1136,.521,.522,470,590,.797,205,554,759,166,43,68,169,170,1678,,
569,Chris Bosh,2010-11,regular,26,MIA,NBA,PF,77,77,2795,524,1056,.496,6,25,.240,518,1031,.502,.499,384,471,.815,141,500,641,144,59,49,138,172,1438,,
570,Chris Bosh,2011-12,regular,27,MIA,NBA,PF,57,57,2007,393,807,.487,10,35,.286,383,772,.496,.493,229,279,.821,94,358,452,103,51,45,117,128,1025,,
571,Chris Bosh,2012-13,regular,28,MIA,NBA,C,74,74,2454,485,907,.535,21,74,.284,464,833,.557,.546,241,302,.798,131,370,501,123,66,101,128,168,1232,,
572,Chris Bosh,2013-14,regular,29,MIA,NBA,C,79,79,2531,492,953,.516,74,218,.339,418,735,.569,.555,223,272,.820,98,424,522,87,80,78,125,192,1281,,
573,Chris Bosh,2014-15,regular,30,MIA,NBA,C,44,44,1556,343,745,.460,63,168,.375,280,577,.485,.503,179,232,.772,46,264,310,95,41,25,95,69,928,,
574,Chris Bosh,2015-16,regular,31,MIA,NBA,PF,53,53,1778,358,767,.467,81,222,.365,277,545,.508,.520,213,268,.795,48,342,390,128,36,34,78,101,1010,,
